date,time,target_temperature,initial_temperature,heater_on,temperature_outside,humidity,datetime,last_use_time_diff,avg_use_time_last_week,heating_time
2023/1/1 13:37,6:45,22,19,1,25.9628371,58.31558028,2023/1/1 6:45,0,0,15.29288102
2023/1/1 8:52,11:07,21,19,1,27.95783409,43.90582564,2023/1/1 11:07,262,0,11.2911362
2023/1/1 21:33,17:16,21,22,0,15.99224193,41.56274765,2023/1/1 17:16,369,0,0
2023/1/1 21:38,19:40,18,17,0,21.84779837,64.22492733,2023/1/1 19:40,144,0,5.269299098
2023/1/2 8:24,3:03,18,16,0,19.50043379,32.043743,2023/1/2 3:03,443,0,9.541928796
2023/1/2 19:43,17:40,20,16,1,16.53067216,42.80568975,2023/1/2 17:40,877,0,20.87536468
2023/1/3 22:46,2:29,21,19,1,24.09589821,79.89970005,2023/1/3 2:29,529,374.8571429,9.625523268
2023/1/3 15:59,20:31,21,20,0,22.16469754,39.94461089,2023/1/3 20:31,1082,529.4285714,7.350638005
2023/1/4 21:14,8:55,21,22,0,25.90566394,79.71165416,2023/1/4 8:55,744,598.2857143,0
2023/1/4 10:39,11:31,23,21,1,28.84134915,38.91004775,2023/1/4 11:31,156,567.8571429,9.300649113
2023/1/5 4:56,17:00,21,15,0,25.4614316,67.55161498,2023/1/5 17:00,1769,800,31.75035023
2023/1/6 14:18,1:22,19,21,1,29.64338495,66.60711096,2023/1/6 1:22,502,808.4285714,0
2023/1/6 6:56,15:02,23,19,1,28.88394957,52.83518129,2023/1/6 15:02,820,800.2857143,20.40826737
2023/1/6 23:22,23:12,24,18,1,20.53087756,34.16454899,2023/1/6 23:12,490,794.7142857,32.55357983
2023/1/7 18:07,10:36,24,16,1,16.03277947,38.01299601,2023/1/7 10:36,684,737.8571429,37.42621635
2023/1/7 9:24,11:09,19,22,1,18.41043674,77.22020607,2023/1/7 11:09,33,636.2857143,0
2023/1/8 16:13,4:28,23,19,1,17.39121695,47.24282933,2023/1/8 4:28,1039,762.4285714,17.12131038
2023/1/8 16:16,5:09,19,18,1,23.04868817,34.93051844,2023/1/8 5:09,41,515.5714286,6.995719073
2023/1/9 7:57,11:07,19,17,1,16.46766727,63.02680886,2023/1/9 11:07,1798,700.7142857,11.66894051
2023/1/9 10:42,19:20,22,15,1,29.52429615,51.75709933,2023/1/9 19:20,493,654,37.22007289
2023/1/10 18:13,12:32,23,16,0,16.4520593,59.4855909,2023/1/10 12:32,1032,731.4285714,37.87171005
2023/1/10 20:07,20:42,24,15,0,21.8421085,73.30673532,2023/1/10 20:42,490,703.7142857,46.79495139
2023/1/11 23:46,1:17,19,18,1,19.08655343,79.17169891,2023/1/11 1:17,275,738.2857143,4.768876174
2023/1/11 4:19,3:29,18,18,1,21.48422222,32.1381569,2023/1/11 3:29,132,608.7142857,1.683175058
2023/1/11 18:37,6:44,24,19,0,29.28214046,30.98458214,2023/1/11 6:44,195,630.7142857,22.70964656
2023/1/11 12:59,7:42,21,22,0,21.92219043,61.98111215,2023/1/11 7:42,58,382.1428571,0
2023/1/12 10:21,6:05,21,16,0,29.26428917,43.57755477,2023/1/12 6:05,1343,503.5714286,22.86011972
2023/1/12 21:12,20:31,22,21,0,21.49476309,42.76322585,2023/1/12 20:31,866,479.8571429,7.668013502
2023/1/12 13:34,22:12,21,16,0,15.53043654,45.16459607,2023/1/12 22:12,101,424.2857143,25.13108993
2023/1/13 15:12,3:20,22,15,1,20.94089554,59.30539709,2023/1/13 3:20,308,429,34.48797164
2023/1/13 23:13,6:21,22,21,0,24.2179155,44.07268636,2023/1/13 6:21,181,436,3.587333673
2023/1/13 14:07,13:39,23,17,0,27.89371255,63.58449288,2023/1/13 13:39,438,470.7142857,31.64540214
2023/1/14 8:08,4:38,24,17,1,29.44795943,47.37298341,2023/1/14 4:38,899,590.8571429,34.73690199
2023/1/14 5:01,7:58,19,16,0,26.05881364,31.63879506,2023/1/14 7:58,200,427.5714286,15.41060369
2023/1/14 5:05,15:53,19,21,0,25.38797385,70.81821528,2023/1/14 15:53,475,371.7142857,0
2023/1/14 15:49,23:44,24,20,0,24.31753871,35.6375755,2023/1/14 23:44,471,424.5714286,20.70581298
2023/1/16 10:16,2:27,18,15,1,22.29615673,60.35903201,2023/1/16 2:27,1603,609.5714286,15.67257434
2023/1/16 14:00,10:51,22,22,1,20.17077191,64.76732341,2023/1/16 10:51,504,655.7142857,0.701603981
2023/1/16 22:57,15:41,24,18,0,21.5790227,30.67543533,2023/1/16 15:41,290,634.5714286,32.66248847
2023/1/16 18:16,23:59,20,15,0,15.89916447,31.71335202,2023/1/16 23:59,498,577.2857143,26.09092179
2023/1/18 17:51,9:32,20,21,0,16.46514551,69.56407761,2023/1/18 9:32,2013,836.2857143,0
2023/1/18 18:16,14:20,21,19,0,19.35116411,59.15964155,2023/1/18 14:20,288,809.5714286,9.622191723
2023/1/18 10:59,15:51,20,21,0,15.364698,35.25473471,2023/1/18 15:51,91,755.2857143,0
2023/1/18 8:27,19:27,20,16,1,27.19580795,61.47306135,2023/1/18 19:27,216,557.1428571,17.36135283
2023/1/18 20:26,20:43,18,17,1,18.0738553,65.50291525,2023/1/18 20:43,76,496,6.000600293
2023/1/18 6:54,21:14,20,19,1,22.51986573,72.59042914,2023/1/18 21:14,31,459,6.023827218
2023/1/18 1:00,21:53,20,17,1,27.58783683,63.57638484,2023/1/18 21:53,39,393.4285714,13.26229537
2023/1/18 15:31,23:21,18,21,0,20.15087593,74.0783635,2023/1/18 23:21,88,118.4285714,0
2023/1/19 15:32,5:00,22,22,0,28.98590908,78.3523396,2023/1/19 5:00,339,125.7142857,0
2023/1/19 4:00,6:51,19,19,1,24.68355367,44.79459882,2023/1/19 6:51,111,128.5714286,0
2023/1/19 23:43,10:00,19,21,1,28.08975983,79.11238886,2023/1/19 10:00,189,124.7142857,0
2023/1/19 10:05,20:33,21,21,1,19.80025726,38.49097516,2023/1/19 20:33,633,204.2857143,0
2023/1/20 13:55,11:38,24,20,0,18.25305375,52.4300331,2023/1/20 11:38,905,329.1428571,22.93024303
2023/1/20 22:30,14:43,23,21,0,22.87455663,41.09120153,2023/1/20 14:43,185,350,7.612268864
2023/1/20 8:01,20:15,22,20,0,23.17324774,65.43851955,2023/1/20 20:15,332,384.8571429,8.253260537
2023/1/21 8:10,3:00,19,18,1,21.79641368,51.59213253,2023/1/21 3:00,405,394.2857143,2.967857107
2023/1/21 5:14,21:01,24,16,1,21.45603659,47.79445773,2023/1/21 21:01,1081,532.8571429,40.91864995
2023/1/22 7:04,3:39,22,16,0,21.06365427,35.82316271,2023/1/22 3:39,398,562.7142857,28.51974962
2023/1/22 14:05,5:29,23,18,0,26.99693827,64.70436875,2023/1/22 5:29,110,488,24.79786464
2023/1/22 2:09,13:07,24,19,0,21.80314024,37.7988964,2023/1/22 13:07,458,424.1428571,23.46655355
2023/1/22 14:52,13:59,24,22,1,28.8623815,63.36073534,2023/1/22 13:59,52,405.1428571,7.953817502
2023/1/23 10:15,0:18,24,17,0,18.34622449,53.62068946,2023/1/23 0:18,619,446.1428571,32.66225085
2023/1/23 22:47,2:24,23,20,1,15.95932899,74.38504179,2023/1/23 2:24,126,406.2857143,15.93797754
2023/1/23 20:41,8:59,18,20,1,23.63626743,52.22394777,2023/1/23 8:59,395,308.2857143,0
2023/1/23 6:13,16:29,24,20,0,18.25345477,70.82105156,2023/1/23 16:29,450,315.7142857,18.17949417
2023/1/23 10:52,20:20,24,22,1,20.39967097,51.77657703,2023/1/23 20:20,231,333,9.212351024
2023/1/24 18:17,16:28,19,21,0,26.61350534,33.40465496,2023/1/24 16:28,1208,440.1428571,0
2023/1/25 20:57,4:38,19,22,1,15.44925487,72.63445029,2023/1/25 4:38,730,537,0
2023/1/25 2:40,8:38,19,15,0,21.04539004,30.66580566,2023/1/25 8:38,240,482.8571429,22.02766944
2023/1/26 3:00,2:02,22,19,0,18.97559548,50.79766573,2023/1/26 2:02,1044,614,12.57659045
2023/1/26 14:39,5:24,20,18,0,26.23182386,70.87266318,2023/1/26 5:24,202,586.4285714,12.85875679
2023/1/26 21:33,6:05,24,22,1,17.53538109,56.41575635,2023/1/26 6:05,41,528,9.81190721
2023/1/26 10:10,17:00,22,16,0,23.53651108,71.34026352,2023/1/26 17:00,655,588.5714286,32.86056653
2023/1/27 23:50,6:17,19,19,1,24.59557659,44.68084099,2023/1/27 6:17,797,529.8571429,0.629073118
2023/1/27 15:32,12:21,21,16,1,28.23062115,57.16763202,2023/1/27 12:21,364,477.5714286,26.43558148
2023/1/27 1:52,17:26,18,21,1,19.56260336,64.90581879,2023/1/27 17:26,305,486.8571429,0
2023/1/28 18:17,1:12,20,22,1,20.64583733,46.08488092,2023/1/28 1:12,466,404.2857143,0
2023/1/28 15:05,2:59,21,16,1,17.44431639,45.82705605,2023/1/28 2:59,107,390.7142857,22.72117937
2023/1/28 0:55,11:28,20,20,1,18.56839232,51.15272201,2023/1/28 11:28,509,457.5714286,0
2023/1/28 16:40,23:22,21,21,0,26.1784944,60.31309531,2023/1/28 23:22,714,466,0
2023/1/29 8:39,2:16,23,15,0,16.45886992,33.32981661,2023/1/29 2:16,174,377,38.90789908
2023/1/29 23:35,18:54,24,20,1,29.78237141,65.45254049,2023/1/29 18:54,998,467.5714286,19.48557797
2023/1/30 12:05,4:17,21,17,1,24.08567936,45.6847527,2023/1/30 4:17,563,504.4285714,17.38488498
2023/1/30 10:34,18:56,19,17,1,28.77819677,65.23218494,2023/1/30 18:56,879,563.4285714,11.15483272
2023/1/31 7:59,7:47,18,18,1,26.18097111,70.09079335,2023/1/31 7:47,771,658.2857143,0.399608725
2023/1/31 8:23,14:15,22,20,0,16.65562712,50.93184318,2023/1/31 14:15,388,641,8.592336946
2023/1/31 21:02,16:07,22,19,0,18.41121942,63.41091148,2023/1/31 16:07,112,555,15.13948832
2023/2/1 13:09,13:57,21,16,1,23.52326391,72.00083489,2023/2/1 13:57,1310,717.2857143,22.56364306
2023/2/1 22:47,23:55,24,16,1,25.15711716,55.08865653,2023/2/1 23:55,598,660.1428571,40.45567897
2023/2/2 20:36,18:30,21,17,0,15.94811428,77.15311303,2023/2/2 18:30,1115,739,22.57577719
2023/2/2 0:05,20:33,18,20,0,15.87802383,53.51606412,2023/2/2 20:33,123,631,0
2023/2/3 5:12,1:04,18,15,1,21.69591623,61.41569152,2023/2/3 1:04,271,559.5714286,16.00446228
2023/2/3 15:37,4:13,21,19,0,20.00261199,76.48093697,2023/2/3 4:13,189,531.1428571,7.790787174
2023/2/3 11:12,13:37,22,21,0,25.4936259,55.7383552,2023/2/3 13:37,564,595.7142857,6.297963225
2023/2/3 16:14,18:22,21,19,1,17.64749083,33.78053365,2023/2/3 18:22,285,449.2857143,8.736436558
2023/2/3 2:20,21:30,21,19,0,16.00874447,47.21445823,2023/2/3 21:30,188,390.7142857,8.099148172
2023/2/4 10:53,2:28,23,21,0,27.22449719,75.39492288,2023/2/4 2:28,298,274,10.51907761
2023/2/4 21:59,16:13,19,19,1,17.62158006,45.88159366,2023/2/4 16:13,825,374.2857143,0
2023/2/4 17:59,21:04,18,18,0,20.12547172,69.49347516,2023/2/4 21:04,291,377.1428571,1.973640175
2023/2/5 21:39,8:19,21,18,0,18.62852556,73.78461351,2023/2/5 8:19,675,446.5714286,12.02817286
2023/2/6 16:35,0:54,20,19,1,15.18256735,38.65966181,2023/2/6 0:54,995,508.1428571,6.066899221
2023/2/6 1:18,14:37,20,22,0,29.29187485,42.22848045,2023/2/6 14:37,823,585,0
2023/2/6 13:13,15:11,22,17,1,17.85850372,35.4784846,2023/2/6 15:11,34,563,26.41116413
2023/2/7 0:50,5:49,24,19,0,16.56941833,32.2755357,2023/2/7 5:49,878,645.8571429,27.77313127
2023/2/7 22:57,7:44,22,22,1,19.65571239,52.33966602,2023/2/7 7:44,115,544.4285714,0
2023/2/8 17:09,4:11,21,15,1,28.17558743,39.80003771,2023/2/8 4:11,1227,678.1428571,30.45694401
2023/2/8 10:19,8:16,20,15,0,25.45495863,50.02242674,2023/2/8 8:16,245,616.7142857,25.55225159
2023/2/8 19:58,8:20,21,15,1,27.85687376,52.8111251,2023/2/8 8:20,4,475.1428571,30.43351143
2023/2/8 8:36,8:24,24,16,1,24.65985299,35.5261147,2023/2/8 8:24,4,358.1428571,38.3384898
2023/2/8 13:06,9:08,20,18,1,21.51624938,49.96111918,2023/2/8 9:08,44,359.5714286,12.71649407
2023/2/10 22:50,7:41,21,16,1,28.10335241,77.75320727,2023/2/10 7:41,2793,633.1428571,24.68275227
2023/2/10 21:40,10:21,20,22,0,26.70793764,77.42701506,2023/2/10 10:21,160,639.5714286,0
2023/2/10 11:05,13:53,23,21,1,16.20798005,72.48449382,2023/2/10 13:53,212,494.5714286,11.19687565
2023/2/10 4:37,18:45,19,21,1,19.34109139,35.0125872,2023/2/10 18:45,292,501.2857143,0
2023/2/10 18:55,23:01,23,19,1,16.73847703,65.06284237,2023/2/10 23:01,256,537.2857143,21.88278692
2023/2/11 19:36,5:34,19,17,1,16.77411639,68.91380836,2023/2/11 5:34,393,592.8571429,9.379034445
2023/2/12 18:33,0:30,22,20,0,20.33419107,69.39578755,2023/2/12 0:30,1136,748.8571429,12.28661918
2023/2/12 21:33,1:47,22,19,1,24.70794981,65.08928815,2023/2/12 1:47,77,360.8571429,15.48763724
2023/2/12 2:41,4:49,22,15,0,26.47987881,49.78168338,2023/2/12 4:49,182,364,37.29041217
2023/2/12 0:52,5:58,21,21,0,25.6355319,46.2927421,2023/2/12 5:58,69,343.5714286,1.15518954
2023/2/12 9:18,10:03,20,19,1,29.63282258,35.17892317,2023/2/12 10:03,245,336.8571429,6.351525679
2023/2/12 2:01,13:46,22,17,0,25.22088766,33.76386399,2023/2/12 13:46,223,332.1428571,25.00794629
2023/2/13 15:54,1:01,21,18,0,21.08060374,63.63135696,2023/2/13 1:01,675,372.4285714,17.73650181
2023/2/13 9:41,10:38,19,22,0,23.79615249,47.95485439,2023/2/13 10:38,577,292.5714286,0
2023/2/14 17:09,5:12,21,15,0,28.55975932,68.3605033,2023/2/14 5:12,1114,440.7142857,29.54313029
2023/2/14 14:02,12:11,22,17,0,27.83705014,30.90481791,2023/2/14 12:11,419,474.5714286,25.63835928
2023/2/15 3:54,18:22,18,15,1,17.00192206,64.43241585,2023/2/15 18:22,1811,723.4285714,12.11515919
2023/2/16 2:15,3:21,20,22,1,29.41251987,35.01167187,2023/2/16 3:21,539,765.4285714,0
2023/2/16 15:18,7:18,20,19,1,28.59833249,73.35572708,2023/2/16 7:18,237,767.4285714,5.961041225
2023/2/16 4:49,11:22,18,16,0,22.7345752,53.83071143,2023/2/16 11:22,244,705.8571429,8.740465643
2023/2/17 5:45,10:39,23,17,1,28.9212194,43.18838432,2023/2/17 10:39,1397,823,30.70809257
2023/2/17 5:52,21:12,20,22,1,16.44147612,37.60136136,2023/2/17 21:12,633,754.2857143,0
2023/2/18 8:05,4:03,24,19,1,26.82818268,57.89937003,2023/2/18 4:03,411,753.1428571,22.81284439
2023/2/18 13:18,13:09,18,19,1,17.41964277,41.63863361,2023/2/18 13:09,546,572.4285714,0
2023/2/18 19:26,21:00,24,20,0,15.7402342,51.50904288,2023/2/18 21:00,471,562.7142857,20.41978946
2023/2/19 5:10,1:18,20,18,1,21.60395629,66.0159633,2023/2/19 1:18,258,565.7142857,10.54523657
2023/2/19 5:06,2:06,20,22,0,18.6003041,37.37000513,2023/2/19 2:06,48,537.7142857,0
2023/2/19 5:30,8:25,19,19,1,28.18760007,45.24820915,2023/2/19 8:25,379,392.2857143,0.919204919
2023/2/19 9:31,18:32,22,19,0,26.55871123,65.59352254,2023/2/19 18:32,607,388.5714286,15.91261962
2023/2/20 0:11,1:39,20,17,1,18.23261516,67.87032779,2023/2/20 1:39,427,390.8571429,14.58851061
2023/2/20 4:43,3:21,20,15,1,21.81243595,75.60754765,2023/2/20 3:21,102,327.4285714,27.37927958
2023/2/20 1:18,17:43,24,16,1,27.33610108,76.30132533,2023/2/20 17:43,862,383.2857143,39.20537122
2023/2/20 3:54,19:45,19,22,0,20.99702538,52.5903509,2023/2/20 19:45,122,363.8571429,0
2023/2/20 21:02,20:25,18,19,0,21.55547931,45.83653333,2023/2/20 20:25,40,362.7142857,0
2023/2/21 19:51,22:27,24,22,1,27.98918203,63.29757054,2023/2/21 22:27,1562,531.7142857,11.83716393
2023/2/22 12:13,5:28,23,17,1,16.96933993,63.35844104,2023/2/22 5:28,421,505.1428571,31.2233315
2023/2/22 11:37,8:25,24,15,0,23.54947366,61.91950529,2023/2/22 8:25,177,469.4285714,42.60136132
2023/2/22 22:22,10:14,22,19,1,21.56380817,56.00407083,2023/2/22 10:14,109,470.4285714,17.51689568
2023/2/22 20:34,19:57,21,19,1,28.37885033,64.18632236,2023/2/22 19:57,583,430.5714286,11.2854478
2023/2/22 7:39,20:42,19,22,0,22.72383303,66.05990565,2023/2/22 20:42,45,419.5714286,0
2023/2/23 14:36,3:54,18,16,0,19.89404449,39.70971038,2023/2/23 3:54,432,475.5714286,7.896689828
2023/2/23 18:36,9:20,21,21,1,15.94069428,38.4071059,2023/2/23 9:20,326,299,2.208756344
2023/2/24 22:31,0:18,19,22,0,28.87450368,49.85068334,2023/2/24 0:18,898,367.1428571,0
2023/2/24 1:16,3:06,22,18,0,22.60294438,63.0169298,2023/2/24 3:06,168,365.8571429,20.69335739
2023/2/24 22:57,7:35,24,19,0,29.63825803,61.38778581,2023/2/24 7:35,269,388.7142857,22.7429199
2023/2/24 4:16,14:39,24,17,1,28.93944296,56.22885337,2023/2/24 14:39,424,366,37.08804938
2023/2/24 23:56,14:53,19,16,0,22.86275791,38.15908528,2023/2/24 14:53,14,361.5714286,16.84391375
2023/2/24 4:55,23:44,20,15,0,26.36046215,43.43746935,2023/2/24 23:44,531,375.7142857,25.41460443
2023/2/25 20:26,1:30,18,16,1,18.56612739,72.14866482,2023/2/25 1:30,106,344.2857143,9.443099783
2023/2/25 6:32,5:46,21,19,1,17.26402346,52.86943494,2023/2/25 5:46,256,252.5714286,7.415001973
2023/2/25 15:05,16:32,20,19,0,15.59989203,57.34750309,2023/2/25 16:32,646,320.8571429,6.184572639
2023/2/26 7:22,3:31,22,20,1,26.10146288,50.23868145,2023/2/26 3:31,659,376.5714286,9.721256096
2023/2/26 8:48,3:54,21,15,0,17.9558142,56.61601641,2023/2/26 3:54,23,319.2857143,31.3323336
2023/2/27 12:55,3:31,20,20,1,16.80294842,78.75473401,2023/2/27 3:31,1417,519.7142857,2.198293956
2023/2/27 22:37,8:51,24,19,0,21.70315446,56.14121415,2023/2/27 8:51,320,489.5714286,27.85312903
2023/2/27 7:04,22:30,22,20,1,28.94293975,58.68048735,2023/2/27 22:30,819,591.4285714,12.13482005
2023/2/28 14:03,2:33,20,22,0,17.15029931,54.52099542,2023/2/28 2:33,243,589.5714286,0
2023/2/28 15:39,4:32,22,19,1,24.45671905,70.03992995,2023/2/28 4:32,119,514.2857143,14.15986839
2023/2/28 15:04,8:20,24,19,1,25.96063649,76.8831547,2023/2/28 8:20,228,452.7142857,26.37994337
2023/2/28 6:12,9:41,20,18,1,18.79786791,33.00389822,2023/2/28 9:41,81,461,8.029778064
2023/2/28 16:34,19:32,24,17,0,25.49218913,47.8878942,2023/2/28 19:32,591,343,35.12621964
2023/3/1 15:57,1:38,24,22,1,28.37659501,31.53305242,2023/3/1 1:38,366,349.5714286,7.32602793
2023/3/1 12:20,11:48,21,19,0,15.87534538,56.89728896,2023/3/1 11:48,610,319.7142857,8.199979149
2023/3/1 23:52,14:12,18,17,1,29.07618033,54.00539036,2023/3/1 14:12,144,305.5714286,2.111130767
2023/3/1 14:09,19:04,22,19,1,15.28684346,58.29225477,2023/3/1 19:04,292,330.2857143,16.76218622
2023/3/1 19:31,19:54,22,19,0,21.83166224,39.68116452,2023/3/1 19:54,50,304.8571429,13.34354813
2023/3/2 20:46,23:58,22,21,0,26.05279743,50.72194366,2023/3/2 23:58,1684,533.8571429,4.072110084
2023/3/3 10:33,0:12,18,19,0,27.16257923,71.28404105,2023/3/3 0:12,14,451.4285714,0
2023/3/3 17:21,8:14,23,18,1,27.10978438,45.8275105,2023/3/3 8:14,482,468,26.22648641
2023/3/3 22:28,23:56,23,15,0,16.61426558,37.2120051,2023/3/3 23:56,942,515.4285714,37.19103358
2023/3/4 13:55,3:08,24,20,1,17.59427031,78.51876639,2023/3/4 3:08,192,522.2857143,17.98816494
2023/3/4 10:29,18:30,20,15,1,17.40345699,68.44597181,2023/3/4 18:30,922,612.2857143,25.72887041
2023/3/4 8:52,19:03,22,21,1,15.43428824,35.77806568,2023/3/4 19:03,33,609.8571429,5.463371532
2023/3/5 22:05,1:55,18,17,0,15.85315889,55.0414095,2023/3/5 1:55,412,428.1428571,3.427356928
2023/3/5 18:28,14:20,20,18,0,16.97696794,67.74505521,2023/3/5 14:20,745,532.5714286,12.60528399
2023/3/5 9:18,22:04,19,19,1,20.56279199,42.90296063,2023/3/5 22:04,464,530,0.683795736
2023/3/6 23:16,6:50,18,21,1,29.98916991,35.61121579,2023/3/6 6:50,526,470.5714286,0
2023/3/7 8:33,5:00,24,21,1,25.82110002,47.33039053,2023/3/7 5:00,1330,633.1428571,15.53945986
2023/3/7 15:49,6:45,18,17,1,20.89013515,68.32955253,2023/3/7 6:45,105,516.4285714,6.380732177
2023/3/7 11:21,6:59,18,18,1,28.30441172,78.03832367,2023/3/7 6:59,14,513.7142857,0
2023/3/8 14:37,3:53,21,15,1,28.90817711,76.35102844,2023/3/8 3:53,1254,634,29.38932637
2023/3/8 14:13,10:23,22,22,1,15.95330662,69.20293072,2023/3/8 10:23,390,583.2857143,0
2023/3/8 12:43,13:30,22,15,0,27.64165294,66.42369828,2023/3/8 13:30,187,543.7142857,33.11715804
2023/3/8 4:29,22:53,24,21,1,20.45566156,78.46029359,2023/3/8 22:53,563,549,17.66623434
2023/3/9 3:13,5:47,22,22,1,25.74490806,74.25109256,2023/3/9 5:47,414,418.1428571,1.43730477
2023/3/9 23:43,11:55,18,15,0,20.18027521,49.47742537,2023/3/9 11:55,368,455.7142857,14.94275285
2023/3/9 19:43,21:41,18,16,1,20.07238428,68.50640621,2023/3/9 21:41,586,537.4285714,8.364487768
2023/3/10 1:24,3:28,23,16,0,18.81534723,44.33583415,2023/3/10 3:28,347,407.8571429,33.52613889
2023/3/10 2:09,8:25,21,22,0,29.87835494,65.03166723,2023/3/10 8:25,297,394.5714286,0
2023/3/10 23:17,12:20,23,21,1,29.08741364,53.04015211,2023/3/10 12:20,235,401.4285714,9.606499753
2023/3/10 8:53,20:49,22,20,1,28.23425508,68.95769623,2023/3/10 20:49,509,393.7142857,8.870775292
2023/3/11 2:15,3:37,18,18,0,19.39530427,53.66631002,2023/3/11 3:37,408,392.8571429,1.178060933
2023/3/11 2:00,18:27,22,18,0,19.77350264,69.42341935,2023/3/11 18:27,890,467.4285714,19.26651104
2023/3/13 10:50,2:15,19,15,1,16.58859232,75.82095054,2023/3/13 2:15,1908,656.2857143,18.07762207
2023/3/13 8:34,12:13,18,17,0,24.84494384,30.26550238,2023/3/13 12:13,598,692.1428571,2.14807237
2023/3/13 10:23,18:51,20,19,0,15.11826155,68.52720308,2023/3/13 18:51,398,706.5714286,2.403497789
2023/3/13 15:51,19:04,18,17,1,16.49422395,40.06333829,2023/3/13 19:04,13,674.8571429,6.076356641
2023/3/14 18:10,3:38,20,18,0,22.78252723,38.44630579,2023/3/14 3:38,514,675.5714286,9.722181067
2023/3/14 13:10,14:01,20,15,1,20.46816939,54.07766773,2023/3/14 14:01,623,706.2857143,25.21947527
2023/3/14 20:13,14:04,22,20,1,16.21652085,69.77282634,2023/3/14 14:04,3,579.5714286,12.38002776
2023/3/14 20:57,14:34,18,20,0,29.17003376,39.26742935,2023/3/14 14:34,30,311.2857143,0
2023/3/14 5:53,22:07,21,17,1,17.74919754,55.6040358,2023/3/14 22:07,453,290.5714286,18.30138191
2023/3/15 17:51,0:55,18,18,1,28.43536937,40.86394862,2023/3/15 0:55,168,257.7142857,0.978469219
2023/3/15 0:53,2:22,21,17,0,23.15517081,62.48282476,2023/3/15 2:22,87,268.2857143,18.57993426
2023/3/15 11:08,8:14,22,19,1,28.3358993,35.60359404,2023/3/15 8:14,352,245.1428571,12.123906
2023/3/15 0:18,15:29,19,22,1,19.25999965,62.84191735,2023/3/15 15:29,435,218.2857143,0
2023/3/16 11:46,1:45,24,19,1,19.83500307,57.63432356,2023/3/16 1:45,616,305.8571429,23.9201029
2023/3/16 12:57,13:47,20,20,1,19.91580602,68.74398897,2023/3/16 13:47,722,404.7142857,0
2023/3/16 2:34,18:55,23,15,0,21.12454363,78.41021955,2023/3/16 18:55,308,384,40.52990268
2023/3/17 12:11,1:57,18,15,1,18.96833418,53.57286597,2023/3/17 1:57,422,420.2857143,16.98629073
2023/3/17 4:41,12:06,24,15,1,24.85142938,33.89964089,2023/3/17 12:06,609,494.8571429,45.77389106
2023/3/17 5:12,17:15,19,22,1,24.26815038,31.06793415,2023/3/17 17:15,309,488.7142857,0
2023/3/17 21:16,20:56,18,17,0,25.99933701,54.52745274,2023/3/17 20:56,221,458.1428571,3.641252209
2023/3/18 21:09,1:52,21,18,0,19.10313052,79.63334967,2023/3/18 1:52,296,412.4285714,16.788281
2023/3/18 0:58,4:42,20,20,0,27.66352442,72.22352462,2023/3/18 4:42,170,333.5714286,0
2023/3/18 6:17,9:16,20,18,1,27.22799093,77.13897048,2023/3/18 9:16,274,328.7142857,12.71674994
2023/3/18 10:43,9:59,21,18,0,25.20522999,45.26335049,2023/3/18 9:59,43,274.5714286,16.12492966
2023/3/18 10:28,18:59,19,22,1,23.65710366,66.90757728,2023/3/18 18:59,540,264.7142857,0
2023/3/20 9:57,15:44,24,16,1,25.42905009,75.32470626,2023/3/20 15:44,2685,604.1428571,42.68422354
2023/3/21 22:04,17:47,20,19,1,28.34171863,41.35088859,2023/3/21 17:47,1563,795.8571429,6.385134841
2023/3/22 17:17,1:30,20,21,1,16.85729974,70.01278018,2023/3/22 1:30,463,819.7142857,0
2023/3/22 9:40,13:22,18,19,1,28.14040272,57.47092916,2023/3/22 13:22,712,897.1428571,0
2023/3/22 22:35,19:15,24,20,1,29.6624271,51.49983902,2023/3/22 19:15,353,908.4285714,20.10920428
2023/3/23 14:32,1:21,24,19,1,26.722194,69.87631804,2023/3/23 1:21,366,954.5714286,22.15397631
2023/3/23 4:16,7:24,19,22,0,18.23097307,73.7421181,2023/3/23 7:24,363,929.2857143,0
2023/3/23 4:35,12:56,20,20,1,17.05350408,77.34035855,2023/3/23 12:56,332,593.1428571,0
2023/3/23 12:01,22:01,23,17,1,17.43739402,41.52856448,2023/3/23 22:01,545,447.7142857,29.24501988
2023/3/24 4:20,1:41,19,21,0,15.97956311,79.90113939,2023/3/24 1:41,220,413,0
2023/3/24 19:52,11:27,21,17,0,19.81564485,71.42402453,2023/3/24 11:27,586,395,18.66577224
2023/3/24 7:17,11:58,19,19,0,18.80912464,39.29083741,2023/3/24 11:58,31,349,0.520706079
2023/3/24 20:10,12:16,19,19,1,25.13533721,61.09411957,2023/3/24 12:16,18,299.2857143,2.183133636
2023/3/25 4:07,3:04,22,17,1,17.22211291,79.1495055,2023/3/25 3:04,888,374.2857143,22.70519114
2023/3/25 2:31,6:11,19,21,1,21.05689111,57.75969412,2023/3/25 6:11,187,353.5714286,0
2023/3/25 18:02,11:07,20,15,0,17.03211096,77.80615798,2023/3/25 11:07,296,318,22.79240864
2023/3/25 2:19,11:52,19,22,0,23.52066842,44.37722511,2023/3/25 11:52,45,293,0
2023/3/26 6:20,12:41,23,17,1,29.42355232,55.10527904,2023/3/26 12:41,1489,422,29.37635822
2023/3/26 14:10,23:57,24,16,0,16.97224199,31.85648019,2023/3/26 23:57,676,514.1428571,40.39252787
2023/3/27 16:53,8:17,23,17,1,20.98741718,72.55992359,2023/3/27 8:17,500,583,28.09967902
2023/3/28 18:20,0:47,20,16,0,17.57444516,76.17277691,2023/3/28 0:47,990,597.5714286,17.86908656
2023/3/28 13:02,1:54,19,19,0,26.25892534,54.69726278,2023/3/28 1:54,67,580.4285714,0
2023/3/28 5:07,8:56,20,18,0,17.30053317,37.74203517,2023/3/28 8:56,422,598.4285714,9.133676427
2023/3/29 11:41,0:52,20,18,0,28.61813392,68.48945103,2023/3/29 0:52,956,728.5714286,12.64259167
2023/3/29 7:12,3:31,18,22,0,23.55295156,43.28162738,2023/3/29 3:31,159,538.5714286,0
2023/3/29 8:25,4:12,18,20,0,22.90361174,79.45440377,2023/3/29 4:12,41,447.8571429,0
2023/3/29 10:13,7:39,19,18,0,20.47367754,51.32969548,2023/3/29 7:39,207,406,7.422318438
2023/3/30 3:30,5:09,18,17,1,17.12259728,42.71440651,2023/3/30 5:09,1290,448.8571429,2.500534613
2023/3/30 12:51,21:14,23,15,1,29.6994349,73.50910893,2023/3/30 21:14,965,577.1428571,40.31315482
2023/3/30 22:36,21:37,22,22,1,17.69692936,36.31837627,2023/3/30 21:37,23,520.1428571,0.506856414
2023/3/31 23:40,3:10,21,18,0,26.08895369,64.57540539,2023/3/31 3:10,333,431.1428571,17.77161827
2023/3/31 12:09,11:34,22,22,1,17.10474027,77.3278543,2023/3/31 11:34,504,480.4285714,0
2023/3/31 1:48,16:08,20,19,1,25.20771722,60.06385863,2023/3/31 16:08,274,513.7142857,3.444972679
2023/3/31 12:17,16:42,24,16,1,26.93385553,76.85615103,2023/3/31 16:42,34,489,37.60176365
2023/3/31 16:08,22:03,20,16,1,23.8247567,68.6629563,2023/3/31 22:03,321,350.5714286,17.09857778
2023/4/1 13:49,16:45,20,20,0,29.43282818,71.40733066,2023/4/1 16:45,1122,373,2.577175901
2023/4/1 20:55,19:14,24,20,0,21.4035654,57.19607499,2023/4/1 19:14,149,391,21.01949928
2023/4/1 10:08,22:05,21,22,0,21.89783826,65.1594508,2023/4/1 22:05,171,367.8571429,0
2023/4/2 7:49,15:40,20,18,0,19.74751118,50.6884104,2023/4/2 15:40,1055,446.5714286,8.690380635
2023/4/3 13:14,9:24,22,17,0,24.98788676,44.80638867,2023/4/3 9:24,1064,559.4285714,25.518461
2023/4/3 3:36,11:48,22,15,1,21.14589308,60.48432326,2023/4/3 11:48,144,575.1428571,32.3837316
2023/4/4 6:02,1:46,20,22,1,25.97616278,41.25007973,2023/4/4 1:46,838,649,0
2023/4/4 18:38,6:02,18,15,1,21.43193584,63.68266348,2023/4/4 6:02,256,525.2857143,17.86497084
2023/4/4 8:51,6:35,18,16,1,20.60266521,40.63412044,2023/4/4 6:35,33,508.7142857,12.25903147
2023/4/4 11:21,12:39,22,19,0,15.45352887,57.79688444,2023/4/4 12:39,364,536.2857143,14.02895371
2023/4/4 11:34,22:42,20,18,0,20.83702016,46.447688,2023/4/4 22:42,603,471.7142857,12.76942093
2023/4/5 22:49,18:52,18,16,0,23.03449205,65.34359047,2023/4/5 18:52,1210,492.5714286,8.390209759
2023/4/5 6:29,20:11,19,16,0,20.01710612,60.85176053,2023/4/5 20:11,79,483.2857143,17.69591293
2023/4/6 18:57,3:43,20,20,1,28.16098184,45.63449217,2023/4/6 3:43,452,428.1428571,2.648266228
2023/4/7 15:34,6:37,24,21,1,19.3822129,75.81701649,2023/4/7 6:37,1614,622.1428571,16.79521552
2023/4/7 6:26,14:20,23,20,0,15.47758394,36.77742166,2023/4/7 14:20,463,683.5714286,15.78268762
2023/4/8 19:36,2:36,19,17,0,21.66880932,38.27728064,2023/4/8 2:36,736,736.7142857,12.2457278
2023/4/8 1:19,5:09,19,19,0,23.15708925,44.35763564,2023/4/8 5:09,153,672.4285714,0
2023/4/9 18:35,0:32,22,19,1,19.56298037,48.429946,2023/4/9 0:32,1163,665.7142857,17.09366133
2023/4/9 19:07,4:10,24,18,0,15.4995694,78.2867139,2023/4/9 4:10,218,685.5714286,30.70726015
2023/4/9 8:00,8:15,19,18,1,20.24160438,40.32257056,2023/4/9 8:15,245,656,2.079421147
2023/4/9 3:04,16:40,18,20,0,20.47649816,64.81096001,2023/4/9 16:40,505,497.5714286,0
2023/4/9 21:26,18:25,20,21,1,23.23220256,59.64401354,2023/4/9 18:25,105,446.4285714,0
2023/4/10 20:29,13:41,24,19,1,16.34241818,51.41892566,2023/4/10 13:41,1156,506.4285714,27.89097634
2023/4/10 22:30,23:49,22,22,1,15.28789797,79.39445847,2023/4/10 23:49,608,571.4285714,0
2023/4/12 5:32,10:31,18,15,1,18.73129715,79.25543397,2023/4/12 10:31,2082,702.7142857,14.98434819
2023/4/12 3:41,18:36,18,18,0,23.02375282,74.98258517,2023/4/12 18:36,485,740.8571429,0.836835098
2023/4/12 17:48,22:30,24,21,1,29.70870199,32.12272444,2023/4/12 22:30,234,739.2857143,14.21150764
2023/4/13 9:38,3:22,18,16,1,15.19855287,35.11584079,2023/4/13 3:22,292,708.8571429,7.82140163
2023/4/13 15:45,9:24,22,16,0,23.88345628,62.89310669,2023/4/13 9:24,362,745.5714286,31.9327064
2023/4/13 2:46,20:15,23,21,0,19.00810548,37.72127123,2023/4/13 20:15,651,673.4285714,8.139087471
2023/4/14 19:40,12:34,21,22,1,20.13513565,64.18007502,2023/4/14 12:34,979,726.4285714,0
2023/4/14 14:21,16:44,18,15,0,25.86251455,77.84352846,2023/4/14 16:44,250,464.7142857,13.34590217
2023/4/14 21:48,20:35,21,21,0,18.74130062,74.05941257,2023/4/14 20:35,231,428.4285714,0
2023/4/15 12:54,5:41,20,22,0,24.80131742,70.90386126,2023/4/15 5:41,546,473,0
2023/4/15 0:49,7:41,18,18,0,29.0374812,50.75626274,2023/4/15 7:41,120,448.4285714,2.837516934
2023/4/15 11:24,10:10,19,22,1,24.41602134,70.09786202,2023/4/15 10:10,149,418,0
2023/4/15 17:44,14:41,19,20,0,15.85272115,79.12224415,2023/4/15 14:41,271,363.7142857,0
2023/4/15 9:13,21:55,24,18,0,24.50996547,52.14365123,2023/4/15 21:55,434,285.8571429,31.644284
2023/4/16 22:49,18:55,20,22,0,17.3976793,34.02242578,2023/4/16 18:55,1260,430.1428571,0
2023/4/17 7:42,1:37,24,19,1,23.58377859,33.30371319,2023/4/17 1:37,402,454.5714286,22.48660834
2023/4/17 14:41,6:16,23,16,0,22.25090303,43.90251192,2023/4/17 6:16,279,416.4285714,34.44344703
2023/4/18 3:36,19:56,23,16,0,18.75597319,71.82735903,2023/4/18 19:56,2260,722.1428571,33.39340485
2023/4/19 9:11,4:10,23,15,1,22.8299441,30.01836719,2023/4/19 4:10,494,771.4285714,37.79492581
2023/4/19 13:09,10:31,23,20,1,18.98084236,60.88284913,2023/4/19 10:31,381,787.1428571,12.32056309
2023/4/19 5:53,19:17,20,16,1,18.69094777,50.43869147,2023/4/19 19:17,526,800.2857143,21.35356619
2023/4/19 9:35,22:35,22,20,1,24.79662488,45.53146091,2023/4/19 22:35,198,648.5714286,7.068564752
2023/4/20 7:58,3:28,21,17,0,16.40910766,65.04278247,2023/4/20 3:28,293,633,21.62348449
2023/4/20 14:59,15:15,21,15,0,17.00159148,49.65612076,2023/4/20 15:15,707,694.1428571,27.88167987
2023/4/20 4:08,17:34,23,22,0,27.27049959,33.63000333,2023/4/20 17:34,139,391.1428571,2.477132496
2023/4/20 6:15,21:42,20,21,0,17.57779649,63.89474848,2023/4/20 21:42,248,356,0
2023/4/21 10:28,2:23,22,22,0,29.21055886,40.1810466,2023/4/21 2:23,281,341.7142857,1.032286844
2023/4/21 6:53,4:28,24,18,0,18.13315134,71.1858836,2023/4/21 4:28,125,284.4285714,28.47220326
2023/4/21 19:24,8:05,21,17,1,29.67927513,41.79171121,2023/4/21 8:05,217,287.1428571,19.5232368
2023/4/21 0:08,19:54,19,19,1,21.2199291,36.46778805,2023/4/21 19:54,709,346.5714286,0.344212748
2023/4/21 15:12,23:44,20,16,0,28.22844755,35.36505158,2023/4/21 23:44,230,278.4285714,22.16330704
2023/4/23 9:33,5:33,24,17,1,23.05384502,41.07450894,2023/4/23 5:33,1789,514.1428571,36.36226558
2023/4/23 1:50,6:49,20,17,1,25.89513697,60.717315,2023/4/23 6:49,76,489.5714286,13.62196743
2023/4/23 9:39,23:37,19,20,0,16.36328598,72.03204541,2023/4/23 23:37,1008,593.4285714,0
2023/4/24 2:04,2:57,18,15,1,16.27966385,31.64727243,2023/4/24 2:57,200,604.1428571,12.33224592
2023/4/24 16:17,11:27,22,20,1,29.23291531,45.54651902,2023/4/24 11:27,510,646,8.809591807
2023/4/24 3:09,12:17,18,17,1,19.60215149,48.70313125,2023/4/24 12:17,50,551.8571429,3.572708895
2023/4/24 15:19,18:14,23,19,1,29.85517502,35.09273076,2023/4/24 18:14,357,570,19.7368434
2023/4/24 1:51,23:50,24,20,1,29.01320997,39.949547,2023/4/24 23:50,336,362.4285714,21.09968801
2023/4/25 6:33,4:20,23,17,1,22.99002881,47.4543671,2023/4/25 4:20,270,390.1428571,31.17375267
2023/4/25 21:09,7:48,20,21,1,16.73492808,55.6204241,2023/4/25 7:48,208,275.8571429,0
2023/4/26 22:15,2:43,24,20,0,21.35482199,32.1987716,2023/4/26 2:43,1135,409.4285714,19.27956174
2023/4/26 5:02,20:18,24,22,1,27.73557463,77.9033589,2023/4/26 20:18,1055,487.2857143,8.08690577
2023/4/27 11:56,8:21,22,16,0,27.69613009,51.17938184,2023/4/27 8:21,723,583.4285714,31.73127307
2023/4/27 20:28,19:27,24,21,1,28.83521973,47.00503731,2023/4/27 19:27,666,627.5714286,12.34108846
2023/4/27 15:11,22:49,18,17,0,22.9334238,35.37362839,2023/4/27 22:49,202,608.4285714,6.18198345
2023/4/28 11:09,2:35,24,20,1,19.06878115,51.44048851,2023/4/28 2:35,226,602.1428571,21.67217238
2023/4/28 23:12,7:13,21,22,1,26.0591787,46.07109626,2023/4/28 7:13,278,612.1428571,0
2023/4/29 23:14,5:49,23,18,1,28.83447756,66.59651388,2023/4/29 5:49,1356,643.7142857,23.55653539
2023/4/29 13:15,14:36,21,19,1,21.26229562,77.82720523,2023/4/29 14:36,527,568.2857143,9.242878828
2023/4/29 4:07,15:18,20,19,0,21.87754751,74.35657717,2023/4/29 15:18,42,471,5.525597811
2023/4/29 17:12,21:52,18,22,1,17.99394213,40.20721378,2023/4/29 21:52,394,432.1428571,0
2023/4/30 1:23,3:02,18,20,0,16.93389446,72.66229881,2023/4/30 3:02,310,447.5714286,0
2023/4/30 1:37,5:18,24,15,0,25.88391546,74.21801816,2023/4/30 5:18,136,434.7142857,43.18232568
2023/4/30 19:53,10:28,22,21,1,17.24172457,31.22885122,2023/4/30 10:28,310,439.2857143,4.759135303
2023/4/30 8:14,17:57,20,19,0,19.44210296,61.97313872,2023/4/30 17:57,449,309.7142857,2.267673808
2023/5/1 8:15,0:25,19,15,0,23.66314423,50.68901099,2023/5/1 0:25,388,289.8571429,21.79877531
2023/5/1 9:53,8:45,18,16,1,23.38760673,65.4616882,2023/5/1 8:45,500,355.2857143,7.461738682
2023/5/1 14:17,10:36,21,22,0,26.26532473,70.40246702,2023/5/1 10:36,111,314.8571429,0
2023/5/4 8:36,6:04,24,20,0,29.138754,62.14016877,2023/5/4 6:04,4048,848.8571429,18.8408606
2023/5/5 20:10,3:42,20,21,1,22.95805822,37.51748784,2023/5/5 3:42,1298,1014.857143,0
2023/5/5 22:34,6:58,21,18,0,21.69203269,59.43310773,2023/5/5 6:58,196,998.5714286,17.75660005
2023/5/5 19:25,17:03,18,19,1,25.44515233,77.10923595,2023/5/5 17:03,605,1020.857143,0
2023/5/5 8:47,18:12,20,17,0,25.36177164,44.31647734,2023/5/5 18:12,69,975.2857143,12.21217461
2023/5/6 14:46,9:00,22,15,1,20.22779054,35.19940388,2023/5/6 9:00,888,1030.714286,34.58241464
2023/5/6 20:56,9:24,19,15,1,22.81142156,47.65374803,2023/5/6 9:24,24,1018.285714,20.06010111
2023/5/6 9:16,14:48,18,22,0,25.94741453,38.10364925,2023/5/6 14:48,324,486.2857143,0
2023/5/6 18:08,15:05,22,19,0,24.91676267,72.82837338,2023/5/6 15:05,17,303.2857143,16.08835506
2023/5/6 1:47,19:37,24,21,1,27.50972466,47.95532538,2023/5/6 19:37,272,314.1428571,13.66557659
2023/5/6 23:29,19:46,21,18,1,16.03773988,78.17349974,2023/5/6 19:46,9,229,12.77316339
2023/5/6 22:43,20:14,24,19,0,22.75962776,54.67034811,2023/5/6 20:14,28,223.1428571,24.35605406
2023/5/6 18:09,22:44,23,16,0,27.84414269,77.27154852,2023/5/6 22:44,150,117.7142857,37.73843434
2023/5/7 18:21,0:27,22,17,0,15.66918452,77.463995,2023/5/7 0:27,103,129,23.12278535
2023/5/7 1:34,10:11,20,17,1,29.38111385,53.10487648,2023/5/7 10:11,584,166.1428571,17.42390373
2023/5/7 23:34,15:14,23,17,1,16.50440913,67.90968582,2023/5/7 15:14,303,207,30.2628357
2023/5/8 7:58,19:02,24,18,0,25.1908916,57.44246337,2023/5/8 19:02,1668,406.4285714,29.74146853
2023/5/8 15:31,23:41,18,16,1,26.66111343,50.04397818,2023/5/8 23:41,279,445,12.29224846
2023/5/9 4:43,5:05,23,17,0,29.81023136,38.33707901,2023/5/9 5:05,324,487.2857143,29.75162377
2023/5/9 0:57,7:28,19,16,0,27.46572683,58.38463744,2023/5/9 7:28,143,486.2857143,16.34500582
2023/5/9 7:24,11:32,20,19,0,24.58780349,38.32710364,2023/5/9 11:32,244,506.4285714,4.39415193
2023/5/9 23:02,18:25,19,21,1,25.85912098,44.89851321,2023/5/9 18:25,413,482,0
2023/5/10 22:36,8:01,20,16,0,18.26494265,62.21493137,2023/5/10 8:01,816,555.2857143,21.14015012
2023/5/10 12:40,14:59,23,19,1,20.66109859,41.30981504,2023/5/10 14:59,418,376.7142857,21.19773233
2023/5/11 5:53,21:17,23,22,1,15.37018093,62.64998805,2023/5/11 21:17,1818,596.5714286,3.966322409
2023/5/11 19:48,23:33,18,19,0,20.67367762,75.77038244,2023/5/11 23:33,136,569.7142857,0
2023/5/12 2:51,10:19,24,22,0,16.03750493,61.69908265,2023/5/12 10:19,646,641.5714286,10.81636633
2023/5/12 0:28,23:17,22,22,1,29.179523,54.35740635,2023/5/12 23:17,778,717.8571429,0
2023/5/13 22:14,2:22,18,22,1,18.57619921,35.32476569,2023/5/13 2:22,185,685.2857143,0
2023/5/13 10:10,9:35,22,19,0,17.40808234,67.81436158,2023/5/13 9:35,433,630.5714286,16.77834885
2023/5/13 22:44,12:12,24,19,1,26.98803881,45.03255793,2023/5/13 12:12,157,593.2857143,27.75499962
2023/5/13 10:45,15:16,21,19,1,18.6124317,42.96886921,2023/5/13 15:16,184,359.8571429,9.748832964
2023/5/14 0:42,0:35,23,18,1,17.78453916,76.91280685,2023/5/14 0:35,559,420.2857143,25.54590499
2023/5/14 9:29,1:39,22,20,0,24.00319302,40.48013644,2023/5/14 1:39,64,337.1428571,12.14633587
2023/5/14 9:34,6:17,22,21,1,27.40292405,56.85702095,2023/5/14 6:17,278,265.7142857,4.74334072
2023/5/14 5:13,18:52,23,20,1,17.71726443,45.25233492,2023/5/14 18:52,755,347.1428571,17.71124686
2023/5/15 22:35,4:54,23,21,1,17.34575023,43.31851958,2023/5/15 4:54,602,371.2857143,10.45450697
2023/5/15 11:49,23:37,20,19,0,17.20419968,32.68667737,2023/5/15 23:37,1123,509.2857143,6.924602724
2023/5/16 1:45,20:25,19,15,0,26.03840845,73.1333029,2023/5/16 20:25,1248,661.2857143,22.45306231
2023/5/16 2:19,23:58,20,18,0,29.85508421,32.05898957,2023/5/16 23:58,213,611.8571429,11.89314291
2023/5/17 20:37,1:57,19,17,0,15.38494077,47.88195174,2023/5/17 1:57,119,619.7142857,7.956486781
2023/5/17 20:43,3:48,21,17,0,15.43785352,37.20292705,2023/5/17 3:48,111,595.8571429,20.77339063
2023/5/17 12:31,10:04,24,20,1,23.65842883,63.23327933,2023/5/17 10:04,376,541.7142857,19.39060555
2023/5/17 10:14,19:09,21,16,1,18.4755244,69.30942497,2023/5/17 19:09,545,533.5714286,22.37627771
2023/5/17 16:27,23:04,23,15,1,16.45651914,78.27583196,2023/5/17 23:04,235,406.7142857,39.54419351
2023/5/18 4:23,1:17,19,22,0,25.91832238,45.08507873,2023/5/18 1:17,133,247.4285714,0
2023/5/18 9:57,5:24,21,16,0,19.24210444,43.2324799,2023/5/18 5:24,247,252.2857143,27.09422985
2023/5/19 3:33,6:54,23,21,0,22.43955443,49.41665832,2023/5/19 6:54,1530,453.8571429,7.199827759
2023/5/19 12:14,14:08,21,18,1,26.77729368,78.964316,2023/5/19 14:08,434,500,17.75389633
2023/5/19 20:32,16:31,24,20,1,24.56374042,55.32658413,2023/5/19 16:31,143,466.7142857,19.13221309
2023/5/20 5:51,0:11,23,19,0,24.33576643,68.59654337,2023/5/20 0:11,460,454.5714286,19.14024134
2023/5/20 11:46,10:53,23,22,1,16.76288464,70.54908658,2023/5/20 10:53,642,512.7142857,2.097971016
2023/5/20 3:56,16:55,19,15,0,21.10861757,63.8754178,2023/5/20 16:55,362,545.4285714,18.11139395
2023/5/20 6:14,23:23,19,21,0,23.84542085,63.65050669,2023/5/20 23:23,388,565.5714286,0
2023/5/21 7:39,2:47,20,19,0,24.88764708,32.67648101,2023/5/21 2:47,204,376.1428571,7.575748504
2023/5/21 9:39,2:58,20,15,1,24.26453246,47.49964218,2023/5/21 2:58,11,315.7142857,22.59768958
2023/5/21 16:00,22:28,20,15,0,26.02220662,77.07196458,2023/5/21 22:28,1170,462.4285714,27.6718092
2023/5/21 8:18,22:42,22,19,0,21.27163818,64.88642009,2023/5/21 22:42,14,398.7142857,17.21693118
2023/5/23 8:55,11:25,18,20,0,18.19967966,35.23680533,2023/5/23 11:25,2203,621.7142857,0
2023/5/23 20:48,13:06,22,21,1,18.77911482,36.10428034,2023/5/23 13:06,101,584.4285714,3.960205291
2023/5/23 7:27,20:49,18,19,0,22.23876363,37.57430039,2023/5/23 20:49,463,595.1428571,0
2023/5/24 11:35,1:06,24,18,1,16.22054398,70.30620757,2023/5/24 1:06,257,602.7142857,30.68678824
2023/5/26 22:25,6:47,24,21,1,23.39523609,47.69520551,2023/5/26 6:47,3221,1061.285714,12.19844755
2023/5/26 18:15,7:38,18,19,0,27.17907843,72.2163507,2023/5/26 7:38,51,901.4285714,0
2023/5/26 13:20,10:54,24,22,1,22.05931356,77.98478195,2023/5/26 10:54,196,927.4285714,9.572774335
2023/5/26 11:35,23:20,18,16,1,24.28239252,62.02822968,2023/5/26 23:20,746,719.2857143,7.408444444
2023/5/27 5:28,10:32,18,19,0,25.43438168,33.25607343,2023/5/27 10:32,672,800.8571429,0
2023/5/28 2:04,5:31,20,17,0,21.84614348,72.25388136,2023/5/28 5:31,1139,897.4285714,13.32696549
2023/5/28 22:18,10:36,24,18,1,27.86583966,65.09202415,2023/5/28 10:36,305,904.2857143,28.51914716
2023/5/28 3:03,23:48,19,19,0,26.68043094,63.29356992,2023/5/28 23:48,792,557.2857143,0
2023/5/29 8:18,17:10,19,18,1,16.3069395,50.58077568,2023/5/29 17:10,1042,698.8571429,2.072217337
2023/5/29 4:34,21:58,19,16,1,21.95363137,50.08440925,2023/5/29 21:58,288,712,12.69290578
2023/5/29 0:54,22:18,19,16,1,19.47423489,46.52202863,2023/5/29 22:18,20,608.2857143,15.71088156
2023/5/29 5:39,23:06,21,20,1,24.90260306,36.40104352,2023/5/29 23:06,48,519.1428571,7.845537277
2023/5/30 8:56,15:16,20,21,1,22.31514485,70.9050525,2023/5/30 15:16,970,495,0
2023/5/31 16:54,0:19,18,22,0,23.49902181,73.0561504,2023/5/31 0:19,543,529,0
2023/5/31 5:01,13:28,22,17,1,25.65792604,50.6543063,2023/5/31 13:28,789,528.5714286,22.97772656
2023/5/31 8:48,15:09,23,18,1,16.64676687,42.20785169,2023/5/31 15:09,101,394.1428571,25.83257054
2023/6/1 2:56,0:07,18,15,0,23.61487873,77.39109436,2023/6/1 0:07,538,429.8571429,14.94183208
2023/6/1 22:48,2:48,22,16,1,28.79674216,59.54633628,2023/6/1 2:48,161,450,32.93645866
2023/6/1 14:25,4:24,20,21,0,29.42904568,64.68735116,2023/6/1 4:24,96,456.8571429,0
2023/6/1 20:35,5:35,21,18,0,20.70502775,69.99149654,2023/6/1 5:35,71,328.4285714,16.69940663
2023/6/1 8:50,6:39,21,17,0,21.308092,74.15387987,2023/6/1 6:39,64,260,18.73039098
2023/6/2 17:25,0:46,24,17,0,16.78091578,56.03388957,2023/6/2 0:46,1087,302.5714286,33.44851172
2023/6/2 16:54,1:27,23,19,0,16.7355485,65.87797501,2023/6/2 1:27,41,294,20.97502743
2023/6/2 15:18,7:54,19,20,0,26.6876915,34.17652943,2023/6/2 7:54,387,272.4285714,0
2023/6/2 15:40,16:28,18,17,0,20.39261851,37.09086379,2023/6/2 16:28,514,322.8571429,5.995154705
2023/6/3 11:43,8:20,22,22,1,22.77224721,51.01167682,2023/6/3 8:20,952,445.1428571,0.103851103
2023/6/3 0:59,19:10,22,15,1,21.85588142,68.15701151,2023/6/3 19:10,650,527.8571429,34.54453393
2023/6/4 14:04,1:21,19,17,0,25.16724805,44.79749168,2023/6/4 1:21,371,571.7142857,10.32812685
2023/6/4 6:29,6:24,22,20,1,24.32498155,61.14841615,2023/6/4 6:24,303,459.7142857,8.72230912
2023/6/4 12:29,6:48,19,16,1,24.0726828,39.29488014,2023/6/4 6:48,24,457.2857143,16.23944824
2023/6/4 10:45,18:33,20,21,0,28.4500694,70.05374401,2023/6/4 18:33,705,502.7142857,0
2023/6/4 6:02,22:18,21,21,1,28.05018222,67.66200598,2023/6/4 22:18,225,461.4285714,0
2023/6/5 22:57,9:34,22,19,1,25.38708179,78.3668901,2023/6/5 9:34,676,422,16.97194149
2023/6/5 7:47,12:11,18,15,1,19.24255278,54.03706986,2023/6/5 12:11,157,351.5714286,17.54980147
2023/6/5 23:51,22:24,21,18,0,16.65715666,32.21259857,2023/6/5 22:24,613,386.1428571,12.27604387
2023/6/6 0:22,6:13,19,19,1,28.44819894,35.40827622,2023/6/6 6:13,469,409.8571429,0
2023/6/7 14:44,0:19,22,18,1,21.43153051,39.94556673,2023/6/7 0:19,1086,561.5714286,19.09111622
2023/6/7 10:40,7:35,20,19,1,21.10774946,35.1995419,2023/6/7 7:35,436,523.1428571,6.889798876
2023/6/7 1:09,13:16,23,15,0,16.13038604,40.96396926,2023/6/7 13:16,341,539.7142857,42.91294857
2023/6/7 12:03,20:32,22,22,0,28.84959102,41.44537999,2023/6/7 20:32,436,505.4285714,2.813830228
2023/6/8 9:25,3:47,18,20,0,22.82772483,79.79076465,2023/6/8 3:47,435,545.1428571,0
2023/6/8 20:31,15:22,24,18,1,29.12066557,69.6783684,2023/6/8 15:22,695,556.8571429,28.77933759
2023/6/8 11:50,21:28,18,19,1,25.22609918,34.7061218,2023/6/8 21:28,366,542.1428571,0
2023/6/8 9:04,23:35,20,18,0,27.43410044,60.75290103,2023/6/8 23:35,127,405.1428571,8.496520246
2023/6/9 23:09,3:15,21,21,1,20.27839494,39.66673204,2023/6/9 3:15,220,374.2857143,0
2023/6/9 8:28,8:28,18,19,1,18.32094669,45.50977491,2023/6/9 8:28,313,370.2857143,0
2023/6/9 20:22,14:40,24,16,1,28.5472447,32.12448041,2023/6/9 14:40,372,361.1428571,38.40052153
2023/6/9 10:44,17:59,21,22,1,24.25400995,43.26516623,2023/6/9 17:59,199,327.4285714,0
2023/6/10 3:34,1:43,19,18,0,25.55832875,49.85129161,2023/6/10 1:43,464,294.4285714,2.350138154
2023/6/10 22:14,10:38,23,21,1,22.79928562,50.72282674,2023/6/10 10:38,535,318.5714286,11.38425459
2023/6/11 7:28,2:55,18,18,0,20.75162278,77.68378482,2023/6/11 2:55,977,440,2.290321274
2023/6/11 23:18,11:29,18,17,1,18.14624924,54.54831928,2023/6/11 11:29,514,482,3.634621373
2023/6/11 12:07,15:22,22,18,0,23.88062897,55.94949602,2023/6/11 15:22,233,470.5714286,19.27434138
2023/6/12 18:31,23:47,20,18,1,28.825786,77.08710716,2023/6/12 23:47,1945,695.2857143,9.2457771
2023/6/13 19:33,3:50,22,21,0,15.27782692,59.40757302,2023/6/13 3:50,243,701.5714286,6.492729545
2023/6/13 6:58,6:26,23,21,1,26.86260245,70.24392243,2023/6/13 6:26,156,657.5714286,8.426843455
2023/6/13 7:16,10:19,23,15,0,24.78154905,46.48255788,2023/6/13 10:19,233,614.4285714,38.03111859
2023/6/14 9:24,1:09,18,15,0,24.85978375,32.94043605,2023/6/14 1:09,890,602,14.69574989
2023/6/14 18:29,7:49,22,22,1,26.90546555,79.19269148,2023/6/14 7:49,400,585.7142857,0
2023/6/14 3:03,22:54,19,16,1,21.53797388,41.06090639,2023/6/14 22:54,905,681.7142857,17.03513473
2023/6/15 23:34,14:22,23,18,1,16.06304667,32.89546384,2023/6/15 14:22,928,536.4285714,23.42645096
2023/6/16 21:13,15:28,22,17,0,20.27904361,31.41814671,2023/6/16 15:28,1506,716.8571429,25.01433674
2023/6/16 13:16,23:46,18,21,0,16.50340331,43.83248651,2023/6/16 23:46,498,765.7142857,0
2023/6/17 9:34,6:33,24,22,0,20.03247255,72.26822593,2023/6/17 6:33,407,790.5714286,10.80398619
2023/6/17 17:24,19:46,22,16,0,27.23285728,62.27721473,2023/6/17 19:46,793,776.7142857,32.20373643
2023/6/17 6:36,23:08,19,19,0,23.8017652,33.1344431,2023/6/17 23:08,202,748.4285714,2.641258136
2023/6/18 10:07,13:14,23,21,1,23.51769002,65.44414496,2023/6/18 13:14,846,740,11.50458917
2023/6/19 1:27,7:04,19,17,1,22.83263804,79.90994764,2023/6/19 7:04,1070,760.2857143,11.19745036
2023/6/19 1:08,7:18,19,19,0,18.66638388,57.90256183,2023/6/19 7:18,14,547.1428571,2.8077934
2023/6/19 3:33,12:44,22,19,1,17.43536922,54.69327435,2023/6/19 12:44,326,522.5714286,17.96640474
2023/6/19 18:13,17:19,18,17,1,21.87905943,66.98162506,2023/6/19 17:19,275,503.7142857,4.710930096
2023/6/19 18:21,19:16,18,19,0,26.35167964,77.20162332,2023/6/19 19:16,117,407.1428571,0
2023/6/20 20:58,9:49,23,16,1,18.63267891,58.05604637,2023/6/20 9:49,873,503,33.75676419
2023/6/20 10:21,12:44,20,19,1,24.43472765,79.14995675,2023/6/20 12:44,175,407.1428571,2.914128234
2023/6/21 4:57,16:21,21,15,1,18.71098133,59.33585831,2023/6/21 16:21,1657,491,29.50491825
2023/6/21 11:46,20:06,20,20,0,25.83083399,51.30011938,2023/6/21 20:06,225,521.1428571,0
2023/6/22 5:44,2:52,20,17,1,20.59552296,71.84951826,2023/6/22 2:52,406,532.5714286,15.62470682
2023/6/22 11:45,4:02,24,18,1,19.56702611,39.82254959,2023/6/22 4:02,70,503.2857143,29.29684835
2023/6/22 17:52,14:18,23,20,0,21.3555953,58.10330554,2023/6/22 14:18,616,574.5714286,17.37231531
2023/6/23 23:44,3:42,22,22,1,21.70688068,40.13980206,2023/6/23 3:42,804,564.7142857,2.806768031
2023/6/23 18:14,4:48,20,19,1,15.8704374,30.97312337,2023/6/23 4:48,66,549.1428571,5.28130941
2023/6/24 5:46,0:23,23,17,0,19.3626136,59.09444713,2023/6/24 0:23,1175,480.2857143,28.64894142
2023/6/24 8:26,8:39,20,20,1,16.02111111,62.2111589,2023/6/24 8:39,496,519,0.553382513
2023/6/24 20:26,8:41,21,22,0,19.7481384,50.65673859,2023/6/24 8:41,2,461.2857143,0
2023/6/24 6:37,14:01,19,19,0,19.90051323,35.9174717,2023/6/24 14:01,320,497,0
2023/6/24 22:14,15:11,24,16,1,15.17141188,68.45777625,2023/6/24 15:11,70,419,40.31246966
2023/6/24 16:35,16:40,23,22,1,21.0755342,51.56289234,2023/6/24 16:40,89,316.8571429,3.629916606
2023/6/24 1:06,17:58,19,20,1,28.29456999,67.01224988,2023/6/24 17:58,78,318.5714286,0
2023/6/24 11:15,18:40,24,15,0,17.28532059,31.90223408,2023/6/24 18:40,42,156.7142857,44.41028121
2023/6/24 0:37,21:41,19,18,1,27.9347782,69.90395099,2023/6/24 21:41,181,111.7142857,3.49048079
2023/6/24 20:32,21:42,24,22,0,19.52397952,47.10519376,2023/6/24 21:42,1,111.5714286,10.0351983
2023/6/24 3:03,23:07,21,16,0,20.59823934,75.03376194,2023/6/24 23:07,85,78,23.86228496
2023/6/25 6:47,0:13,20,20,0,26.60183317,30.18548869,2023/6/25 0:13,66,77.42857143,0
2023/6/25 4:06,5:11,24,19,0,25.47372717,63.14282393,2023/6/25 5:11,298,107.2857143,25.14982265
2023/6/25 21:11,12:00,18,22,1,21.13581143,36.7086819,2023/6/25 12:00,409,154.5714286,0
2023/6/25 23:01,12:36,18,19,1,15.05790527,41.89862715,2023/6/25 12:36,36,153.7142857,0
2023/6/25 22:32,15:15,20,16,1,22.40936751,46.0373958,2023/6/25 15:15,159,150.5714286,22.5449526
2023/6/25 2:37,19:13,19,17,0,29.05675563,75.89383085,2023/6/25 19:13,238,184.4285714,12.17391128
2023/6/26 20:34,0:40,21,16,1,17.21528367,68.90194235,2023/6/26 0:40,327,219,22.29214178
2023/6/27 7:28,19:20,22,22,0,25.65683639,39.06338311,2023/6/27 19:20,2560,575.2857143,0
2023/6/27 14:18,20:00,18,22,0,16.25133653,35.94584711,2023/6/27 20:00,40,538.4285714,0
2023/6/28 10:00,0:05,22,22,0,22.92351134,74.23110284,2023/6/28 0:05,245,515,0
2023/6/28 20:15,3:57,22,22,1,20.51876232,58.93049901,2023/6/28 3:57,232,543,0
2023/6/29 5:07,12:34,22,17,0,22.66978474,31.2384529,2023/6/29 12:34,1957,799.8571429,26.44058515
2023/6/30 7:08,19:20,23,16,1,24.32217602,76.26975126,2023/6/30 19:20,1846,1029.571429,36.08308689
2023/6/30 12:19,20:57,21,17,1,29.53457557,60.76382133,2023/6/30 20:57,97,996.7142857,20.73430657
2023/6/30 4:43,23:07,21,20,0,25.8788142,57.62906663,2023/6/30 23:07,130,649.5714286,6.263170416
2023/7/1 10:17,2:36,23,17,0,29.27811715,73.6659714,2023/7/1 2:36,209,673.7142857,28.22954212
2023/7/1 11:42,21:00,22,20,0,28.10748268,48.77942812,2023/7/1 21:00,1104,796.4285714,9.050188689
2023/7/2 10:47,7:18,24,15,1,27.95205974,47.79637756,2023/7/2 7:18,618,851.5714286,46.05745489
2023/7/2 21:49,15:14,20,22,1,24.93756857,35.33412234,2023/7/2 15:14,476,640,0
2023/7/2 11:28,16:28,23,22,1,28.98841806,75.24911598,2023/7/2 16:28,74,386.8571429,5.262068323
2023/7/3 17:25,3:14,20,17,0,23.63919743,75.66421704,2023/7/3 3:14,646,465.2857143,13.69619791
2023/7/3 19:59,14:16,19,18,1,21.61982205,70.83628435,2023/7/3 14:16,662,541.2857143,2.181411548
2023/7/4 2:58,6:52,19,20,0,16.54947233,55.84165202,2023/7/4 6:52,996,653.7142857,0
2023/7/4 9:15,9:12,20,21,0,25.7278405,30.50318478,2023/7/4 9:12,140,516,0
2023/7/5 0:47,9:28,22,20,1,17.79289509,43.81685764,2023/7/5 9:28,1456,635.7142857,9.236074419
2023/7/5 17:16,12:01,21,17,0,26.56838194,75.02050733,2023/7/5 12:01,153,589.5714286,20.18322329
2023/7/5 20:04,14:04,21,17,1,27.20820213,33.0189741,2023/7/5 14:04,123,596.5714286,22.53266877
2023/7/5 12:51,16:42,21,17,0,16.49599421,74.27613187,2023/7/5 16:42,158,526.8571429,17.53696727
2023/7/7 12:02,3:43,19,16,0,18.41639252,32.9878959,2023/7/7 3:43,2101,732.4285714,14.43565393
2023/7/7 22:16,14:16,22,16,1,18.2075302,60.83092218,2023/7/7 14:16,633,680.5714286,27.1458792
2023/7/8 23:49,2:05,20,18,0,25.9165691,56.60462046,2023/7/8 2:05,709,761.8571429,9.055665906
2023/7/8 2:30,4:49,18,20,0,23.12071191,33.42984174,2023/7/8 4:49,164,577.2857143,0
2023/7/8 5:28,11:15,18,16,0,25.75289522,70.27312187,2023/7/8 11:15,386,610.5714286,8.674407689
2023/7/8 15:31,14:02,19,20,0,27.48929768,42.18389376,2023/7/8 14:02,167,616.8571429,0
2023/7/9 1:28,11:44,21,19,1,19.32854936,77.79808754,2023/7/9 11:44,1302,780.2857143,7.6942194
2023/7/9 9:14,14:38,22,21,0,20.61444275,52.93614443,2023/7/9 14:38,174,505,5.462841464
2023/7/9 22:52,14:45,20,20,0,24.04145064,53.79130979,2023/7/9 14:45,7,415.5714286,1.171620035
2023/7/9 1:48,15:08,22,16,1,27.44846053,47.89919684,2023/7/9 15:08,23,317.5714286,31.03174284
2023/7/9 5:38,22:12,20,15,1,29.51692008,48.72069919,2023/7/9 22:12,424,354.7142857,27.69316612
2023/7/10 13:17,5:27,18,16,1,15.30976499,61.35803557,2023/7/10 5:27,435,361.7142857,7.016219283
2023/7/10 15:40,5:42,23,22,1,20.38492918,36.65740958,2023/7/10 5:42,15,340,5.883179923
2023/7/10 18:44,8:26,18,18,1,21.85367132,57.4128141,2023/7/10 8:26,164,177.4285714,0.602353423
2023/7/10 6:53,13:46,21,15,1,15.64386286,35.87729704,2023/7/10 13:46,320,198.2857143,30.53243766
2023/7/11 16:56,13:14,20,20,1,28.14757868,31.78713413,2023/7/11 13:14,1408,398.4285714,2.776621919
2023/7/12 20:13,1:36,24,20,0,16.34404551,38.37179097,2023/7/12 1:36,742,501.1428571,17.10123004
2023/7/12 19:30,5:08,24,20,1,19.22595159,73.0795482,2023/7/12 5:08,212,470.8571429,21.17889458
2023/7/13 20:57,4:48,24,20,1,29.23978234,67.40113997,2023/7/13 4:48,1420,611.5714286,21.8820719
2023/7/13 15:52,19:54,19,22,0,20.36136977,65.23660972,2023/7/13 19:54,906,738.8571429,0
2023/7/14 23:48,3:24,20,20,1,19.66259966,39.25581944,2023/7/14 3:24,450,779.7142857,0
2023/7/14 23:38,10:06,18,22,0,26.26147293,53.70924061,2023/7/14 10:06,402,791.4285714,0
2023/7/14 4:02,18:22,23,16,1,28.1143195,57.44231642,2023/7/14 18:22,496,661.1428571,32.58345755
2023/7/14 15:42,22:42,19,16,1,16.44676291,44.25874641,2023/7/14 22:42,260,592.2857143,14.65221383
2023/7/15 14:24,18:19,20,15,0,29.34608584,64.43417132,2023/7/15 18:19,1177,730.1428571,25.11971425
2023/7/16 14:37,2:33,19,22,1,28.11599876,77.91396669,2023/7/16 2:33,494,597.8571429,0
2023/7/16 16:31,5:53,21,20,0,19.16010407,54.67892656,2023/7/16 5:53,200,497,2.545314392
2023/7/16 6:46,18:19,19,18,1,24.6884117,73.97607415,2023/7/16 18:19,746,539.2857143,3.366557009
2023/7/17 5:07,18:17,24,19,0,22.09714468,64.68616693,2023/7/17 18:17,1438,687.2857143,24.46180938
2023/7/17 21:52,18:56,21,18,0,29.84114666,67.52683267,2023/7/17 18:56,39,622,15.73976804
2023/7/18 20:35,6:37,24,16,1,23.94649598,32.95116226,2023/7/18 6:37,701,685,42.32176469
2023/7/18 0:45,20:14,24,21,1,20.16795691,35.90101556,2023/7/18 20:14,817,633.5714286,15.71295701
2023/7/19 19:17,10:20,22,21,0,26.87587557,59.11598665,2023/7/19 10:20,846,683.8571429,2.800768826
2023/7/19 13:04,11:39,22,17,1,22.77301071,35.82793062,2023/7/19 11:39,79,666.5714286,27.8834808
2023/7/19 22:45,20:45,20,21,0,23.76714103,69.07908638,2023/7/19 20:45,546,638,0
2023/7/20 4:42,5:47,18,21,1,29.60728045,65.71499231,2023/7/20 5:47,542,510,0
2023/7/21 22:26,8:14,20,19,1,25.07075218,50.02348551,2023/7/21 8:14,1587,731.1428571,7.534087891
2023/7/21 14:53,10:22,18,16,0,20.9971821,50.84669761,2023/7/21 10:22,128,649.2857143,10.24828476
2023/7/23 11:04,6:29,24,19,0,27.09290984,35.12231409,2023/7/23 6:29,2647,910.7142857,27.53983641
2023/7/23 13:41,9:49,19,22,0,20.03966314,30.46422253,2023/7/23 9:49,200,818.4285714,0
2023/7/23 8:23,11:14,18,16,1,28.18852145,78.963512,2023/7/23 11:14,85,819.2857143,12.80971846
2023/7/23 18:22,17:29,20,16,1,17.43180391,44.70904399,2023/7/23 17:29,375,794.8571429,22.51869686
2023/7/23 13:00,17:40,22,18,0,27.20517975,59.31386608,2023/7/23 17:40,11,719,17.2162029
2023/7/23 20:57,19:13,24,22,0,27.56917361,72.95013198,2023/7/23 19:13,93,505.5714286,8.048632025
2023/7/24 8:32,5:30,23,21,1,18.80463786,79.02332294,2023/7/24 5:30,617,575.4285714,9.334808063
2023/7/24 14:25,11:02,21,18,0,22.17555461,46.52981504,2023/7/24 11:02,332,244.7142857,17.71285618
2023/7/24 20:28,16:49,23,22,1,29.70728495,44.32431742,2023/7/24 16:49,347,265.7142857,3.800173517
2023/7/24 4:07,18:24,19,20,0,28.7926111,76.50631811,2023/7/24 18:24,95,267.1428571,0
2023/7/25 16:11,2:46,19,20,1,18.35887032,64.86651254,2023/7/25 2:46,502,285.2857143,0
2023/7/25 22:32,3:46,20,18,0,22.75989125,58.78764225,2023/7/25 3:46,60,292.2857143,9.678366493
2023/7/25 0:30,14:03,22,17,0,19.16443059,34.28973003,2023/7/25 14:03,617,367.1428571,27.44725357
2023/7/26 12:06,11:08,22,20,1,21.47127653,69.58807106,2023/7/26 11:08,1265,459.7142857,7.961382798
2023/7/27 15:49,4:39,22,21,0,19.67917493,73.34304568,2023/7/27 4:39,1051,562.4285714,5.966705069
2023/7/27 16:58,4:44,22,22,1,18.93177224,71.17358595,2023/7/27 4:44,5,513.5714286,0
2023/7/27 4:47,23:54,22,17,1,29.31500723,55.12546985,2023/7/27 23:54,1150,664.2857143,22.45892061
2023/7/28 0:43,0:44,19,16,1,15.80140773,34.89050807,2023/7/28 0:44,50,599.7142857,16.17877887
2023/7/28 0:30,5:16,22,19,0,28.49800115,33.41681887,2023/7/28 5:16,272,630,13.48439253
2023/7/28 0:22,12:26,18,20,0,26.2299543,77.77329667,2023/7/28 12:26,430,603.2857143,0
2023/7/28 10:00,20:23,23,15,0,25.72578896,39.36804507,2023/7/28 20:23,477,490.7142857,37.35966579
2023/7/28 3:58,22:11,19,15,0,20.09446566,52.72949336,2023/7/28 22:11,108,356,17.36647122
2023/7/29 17:51,7:36,22,18,0,20.06216073,50.8666571,2023/7/29 7:36,565,436,22.44639774
2023/7/29 3:27,17:23,21,18,1,25.88360301,34.62240901,2023/7/29 17:23,587,355.5714286,16.43930351
2023/7/30 5:43,11:48,22,17,1,22.13383676,37.40193396,2023/7/30 11:48,1105,506.2857143,27.38837414
2023/7/30 17:26,12:33,24,15,0,29.99712867,30.23936926,2023/7/30 12:33,45,473.8571429,46.03549387
2023/7/30 7:08,13:12,22,22,1,15.59423284,59.40788352,2023/7/30 13:12,39,418,0.173639574
2023/7/30 3:25,13:46,23,18,1,21.47640191,68.55386734,2023/7/30 13:46,34,354.7142857,23.82667819
2023/7/31 14:08,8:04,23,15,0,17.78276846,60.40857928,2023/7/31 8:04,1098,496.1428571,42.98777351
2023/7/31 14:43,9:22,20,18,1,23.02362298,35.69470524,2023/7/31 9:22,78,426.5714286,9.173134354
2023/7/31 7:55,12:17,23,20,1,18.30155791,36.2580829,2023/7/31 12:17,175,367.7142857,14.8238937
2023/8/1 0:51,11:25,19,22,0,25.56621603,77.23128592,2023/8/1 11:25,1388,408.1428571,0
2023/8/1 6:25,18:27,24,20,0,21.87208241,40.99303883,2023/8/1 18:27,422,462,22.87716158
2023/8/1 2:17,21:50,19,22,0,27.72012344,77.7784197,2023/8/1 21:50,203,485.4285714,0
2023/8/2 19:56,9:37,20,22,0,28.22580319,45.25943513,2023/8/2 9:37,707,581.5714286,0
2023/8/3 2:02,3:55,18,17,1,24.00588356,36.92184207,2023/8/3 3:55,1098,581.5714286,6.082091996
2023/8/3 13:14,4:32,19,18,0,18.68050815,65.02643114,2023/8/3 4:32,37,575.7142857,2.37924571
2023/8/3 23:50,22:33,19,18,0,15.98407301,45.3937049,2023/8/3 22:33,1081,705.1428571,5.643496244
2023/8/4 0:41,12:15,21,20,1,22.35688213,58.02252944,2023/8/4 12:15,822,624.2857143,4.865879017
2023/8/4 17:01,16:55,20,22,0,19.95400554,62.21985705,2023/8/4 16:55,280,604,0
2023/8/4 5:19,19:31,22,20,1,18.89133847,68.40973322,2023/8/4 19:31,156,597.2857143,8.430479686
2023/8/5 14:04,5:12,23,18,1,28.21654796,56.10312103,2023/8/5 5:12,581,579.2857143,25.08707646
2023/8/5 20:25,7:11,20,20,1,24.094622,46.95472942,2023/8/5 7:11,119,439.4285714,0
2023/8/5 10:17,9:33,22,19,1,29.10647918,57.76470537,2023/8/5 9:33,142,454.4285714,14.73911935
2023/8/5 22:05,18:45,24,19,1,27.2069673,52.06870717,2023/8/5 18:45,552,378.8571429,24.02486429
2023/8/5 15:35,22:36,23,22,0,28.72294632,59.97906732,2023/8/5 22:36,231,294.4285714,7.822962162
2023/8/6 20:19,0:22,23,17,0,22.3545802,42.75318927,2023/8/6 0:22,106,269.5714286,27.80063659
2023/8/6 6:25,13:41,24,21,0,23.20327353,47.69095163,2023/8/6 13:41,799,361.4285714,12.58082372
2023/8/6 3:07,21:14,21,20,0,26.61070999,44.71330821,2023/8/6 21:14,453,343.1428571,4.060350373
2023/8/7 1:42,1:56,23,16,1,16.6050621,35.08851333,2023/8/7 1:56,282,366.4285714,35.54616141
2023/8/7 7:19,20:32,20,18,1,15.02075025,77.92661721,2023/8/7 20:32,1116,505.5714286,10.95505883
2023/8/8 3:21,0:33,18,21,0,29.91601184,65.64461513,2023/8/8 0:33,241,461.1428571,0
2023/8/8 12:40,7:32,23,17,0,18.79937404,69.56137155,2023/8/8 7:32,419,488,32.99566796
2023/8/8 16:56,19:12,21,21,1,17.38454375,65.2474031,2023/8/8 19:12,700,572.8571429,0
2023/8/8 23:27,22:27,23,16,0,25.22730449,56.29044765,2023/8/8 22:27,195,486.5714286,36.32844001
2023/8/9 0:31,10:53,24,20,0,22.61453321,43.52386705,2023/8/9 10:53,746,528.4285714,20.82549617
2023/8/10 10:51,14:41,19,19,1,18.48940489,44.24427603,2023/8/10 14:41,1668,726.4285714,1.878323179
2023/8/11 21:06,3:39,22,19,0,15.30327596,54.47293177,2023/8/11 3:39,778,678.1428571,17.85735398
2023/8/11 17:15,3:58,24,22,0,22.46665362,41.79851926,2023/8/11 3:58,19,646.4285714,12.33876194
2023/8/11 1:27,17:20,23,22,0,16.76070441,70.92110811,2023/8/11 17:20,802,701.1428571,6.587371846
2023/8/11 18:52,18:42,18,18,0,15.28184701,65.9694531,2023/8/11 18:42,82,612.8571429,1.189490867
2023/8/11 22:24,18:54,20,16,1,18.6983541,63.07888241,2023/8/11 18:54,12,586.7142857,19.01298902
2023/8/12 12:46,8:46,23,15,0,21.73937473,45.99169447,2023/8/12 8:46,832,599,37.88611347
2023/8/12 15:07,9:20,22,16,1,29.72744085,36.98728894,2023/8/12 9:20,34,365.5714286,27.37581602
2023/8/12 11:10,9:29,20,22,0,19.35372064,66.10122655,2023/8/12 9:29,9,255.7142857,0
2023/8/12 11:38,18:31,19,18,0,21.99466159,65.7571626,2023/8/12 18:31,542,330.4285714,4.593688887
2023/8/13 12:57,1:17,21,17,1,21.08913483,76.15795106,2023/8/13 1:17,406,273.8571429,20.13197764
2023/8/13 16:57,6:15,23,21,1,23.52650923,78.24624704,2023/8/13 6:15,298,304.7142857,11.63850132
2023/8/13 14:45,9:40,20,16,1,25.27401658,69.9476582,2023/8/13 9:40,205,332.2857143,22.75244554
2023/8/13 9:08,22:01,21,15,1,24.33346588,73.7725662,2023/8/13 22:01,741,319.2857143,27.70392288
2023/8/14 13:35,8:00,21,16,0,23.32031713,53.05251096,2023/8/14 8:00,599,400,22.64202484
2023/8/14 14:35,10:51,19,21,1,28.83167193,57.91417121,2023/8/14 10:51,171,423.1428571,0
2023/8/15 7:08,7:01,18,16,0,15.18054334,36.61528374,2023/8/15 7:01,1210,518.5714286,11.47238844
2023/8/15 2:32,12:56,24,18,1,28.61599436,36.57879987,2023/8/15 12:56,355,511.2857143,32.08890228
2023/8/15 11:25,20:44,22,21,0,18.67334219,56.43707558,2023/8/15 20:44,468,535.5714286,7.614992481
2023/8/16 19:59,2:38,23,22,0,28.57422518,69.62494528,2023/8/16 2:38,354,556.8571429,7.900557454
2023/8/16 12:01,3:23,21,17,1,16.53620638,68.33346505,2023/8/16 3:23,45,457.4285714,19.39881015
2023/8/16 20:13,7:57,20,18,1,17.49071737,67.97251257,2023/8/16 7:57,274,411,9.282011101
2023/8/16 11:45,10:07,20,15,0,21.25037635,65.94394576,2023/8/16 10:07,130,405.1428571,22.88685206
2023/8/17 11:11,2:37,21,22,0,20.51342805,49.615947,2023/8/17 2:37,990,373.7142857,0
2023/8/17 8:14,4:33,19,22,1,17.40701466,42.89108472,2023/8/17 4:33,116,339.5714286,0
2023/8/17 14:41,6:23,24,18,1,19.77853429,47.71124109,2023/8/17 6:23,110,288.4285714,32.17237558
2023/8/17 9:56,17:19,19,17,1,24.27720389,64.2733573,2023/8/17 17:19,656,331.5714286,7.583547969
2023/8/18 15:23,9:13,24,21,0,29.9827051,65.32052888,2023/8/18 9:13,954,461.4285714,14.98666145
2023/8/18 1:51,11:01,22,18,1,18.12379878,67.19689103,2023/8/18 11:01,108,437.7142857,20.48649158
2023/8/18 4:37,22:52,23,22,1,29.16558585,48.47617701,2023/8/18 22:52,711,520.7142857,3.44934224
2023/8/18 21:22,23:19,21,18,1,16.1543467,69.0596422,2023/8/18 23:19,27,383.1428571,13.01415244
2023/8/18 14:39,23:34,20,18,1,29.75139363,55.9992495,2023/8/18 23:34,15,368.7142857,12.15748502
2023/8/19 8:48,2:03,22,19,1,26.09825877,67.01735983,2023/8/19 2:03,149,374.2857143,12.35120953
2023/8/19 18:48,13:00,19,16,0,16.96582847,40.49302369,2023/8/19 13:00,657,374.4285714,14.82372542
2023/8/20 4:04,8:32,22,21,0,25.77939586,30.31017074,2023/8/20 8:32,1172,405.5714286,2.695004008
2023/8/21 8:30,14:40,18,19,1,19.76974769,49.89593074,2023/8/21 14:40,1808,648.4285714,0
2023/8/21 16:31,19:41,19,16,0,17.07274427,30.56775643,2023/8/21 19:41,301,589.8571429,17.87977396
2023/8/21 7:02,20:17,20,15,1,15.00818947,47.03023219,2023/8/21 20:17,36,591.1428571,24.54223812
2023/8/22 19:56,8:28,22,22,1,23.66564136,35.24171036,2023/8/22 8:28,731,693.4285714,2.142749505
2023/8/22 19:56,14:28,21,21,1,22.81554909,44.95768223,2023/8/22 14:28,360,723.5714286,0
2023/8/22 2:31,22:43,21,17,0,25.59862059,74.23824111,2023/8/22 22:43,495,700.4285714,18.62751246
2023/8/23 0:23,3:22,21,20,1,28.48441638,73.50498951,2023/8/23 3:22,279,572.8571429,4.422756444
2023/8/23 18:04,7:26,23,18,0,23.48131968,58.464346,2023/8/23 7:26,244,349.4285714,24.39887284
2023/8/24 21:29,1:30,22,16,1,25.44723646,73.12796249,2023/8/24 1:30,1084,461.2857143,31.02830087
2023/8/24 0:56,3:52,19,15,0,28.72456155,60.0092212,2023/8/24 3:52,142,476.4285714,19.06830876
2023/8/24 23:15,8:26,18,15,0,24.3494201,75.98689904,2023/8/24 8:26,274,411.1428571,16.28260121
2023/8/24 5:09,9:57,21,20,1,28.46314147,57.962415,2023/8/24 9:57,91,372.7142857,5.835121395
2023/8/24 3:42,16:11,21,21,0,17.21702001,52.70826342,2023/8/24 16:11,374,355.4285714,0
2023/8/25 0:47,13:10,18,19,1,22.76068661,78.25474866,2023/8/25 13:10,1259,495.4285714,0
2023/8/25 7:21,13:35,22,19,1,26.59665079,79.16013691,2023/8/25 13:35,25,464.1428571,15.6871662
2023/8/25 17:53,17:50,23,18,0,24.18143584,42.71912006,2023/8/25 17:50,255,345.7142857,22.42025314
2023/8/25 21:50,18:07,21,17,1,27.93287276,37.61822418,2023/8/25 18:07,17,327.8571429,21.93444043
2023/8/25 10:55,19:01,19,19,1,17.74549938,54.38822797,2023/8/25 19:01,54,296.4285714,0.920526967
2023/8/25 5:14,21:30,23,16,1,27.26008667,40.09832142,2023/8/25 21:30,149,304.7142857,36.35805479
2023/8/26 21:09,3:32,19,18,1,23.86598071,38.81664537,2023/8/26 3:32,362,303,5.221538006
2023/8/26 13:05,7:22,21,15,0,16.19283124,49.81113723,2023/8/26 7:22,230,156,27.66286267
2023/8/26 9:16,20:07,21,21,0,26.74851657,56.69889618,2023/8/26 20:07,765,261.7142857,0
2023/8/27 21:29,1:17,24,18,1,17.61987578,75.95855004,2023/8/27 1:17,310,269.5714286,29.4322415
2023/8/28 4:12,0:48,21,21,0,26.67257393,33.7062259,2023/8/28 0:48,1411,468.7142857,0
2023/8/28 21:34,12:49,18,19,1,27.88166202,43.66743683,2023/8/28 12:49,721,564,0
2023/8/28 8:14,23:13,22,19,1,29.34125452,78.11975369,2023/8/28 23:13,624,631.8571429,16.42352546
2023/8/29 21:47,7:13,18,15,1,19.44834398,71.78230188,2023/8/29 7:13,480,648.7142857,12.65870675
2023/8/30 18:43,17:30,24,17,1,28.93937126,48.27695141,2023/8/30 17:30,2057,909.7142857,35.6378488
2023/8/30 14:38,18:28,23,22,1,29.64689198,30.03321093,2023/8/30 18:28,58,808.7142857,6.219304979
2023/8/31 4:21,5:22,18,21,0,15.07043214,57.62195295,2023/8/31 5:22,654,857.8571429,0
2023/9/1 16:45,0:14,18,22,0,22.59468336,36.48095243,2023/9/1 0:14,1132,818,0
2023/9/1 14:09,5:44,24,20,0,19.39191047,44.56944103,2023/9/1 5:44,330,762.1428571,17.61978893
2023/9/2 8:54,14:57,23,15,1,22.25277191,60.77986096,2023/9/2 14:57,1993,957.7142857,42.20300295
2023/9/3 3:50,20:46,22,19,1,27.30033654,71.1995047,2023/9/3 20:46,1789,1144.714286,12.17514141
2023/9/4 23:55,6:06,20,22,0,20.98537983,43.89949724,2023/9/4 6:06,560,930.8571429,0
2023/9/4 15:09,19:54,22,17,0,25.0111557,36.01386725,2023/9/4 19:54,828,1040.857143,24.42546171
2023/9/4 17:07,20:18,21,17,1,29.5194835,37.02197607,2023/9/4 20:18,24,950.8571429,20.14510316
2023/9/5 18:45,3:01,18,21,1,17.74787043,67.94922774,2023/9/5 3:01,403,846.7142857,0
2023/9/5 17:10,21:57,19,17,0,18.15573842,62.60622974,2023/9/5 21:57,1136,961.8571429,8.14340149
2023/9/6 10:06,19:54,22,18,1,28.84957961,34.05268943,2023/9/6 19:54,1317,865.2857143,17.11473738
2023/9/8 9:21,2:33,22,15,1,16.9810216,37.56151125,2023/9/8 2:33,1839,872.4285714,35.10889888
2023/9/9 13:38,8:32,22,22,0,29.38713378,68.37328815,2023/9/9 8:32,1799,1049.428571,2.056661176
2023/9/10 23:39,7:37,24,17,0,16.45864388,79.91774385,2023/9/10 7:37,1385,1129,34.23929573
2023/9/10 0:24,10:09,21,22,1,19.91982001,50.58132298,2023/9/10 10:09,152,1147.285714,0
2023/9/12 6:08,8:22,24,20,1,23.79769402,30.85302431,2023/9/12 8:22,2773,1485.857143,17.48319202
2023/9/13 21:05,11:37,24,17,1,22.19076824,45.77325786,2023/9/13 11:37,1635,1557.142857,32.51186554
2023/9/13 3:32,16:16,18,19,0,24.52179484,70.14876892,2023/9/13 16:16,279,1408.857143,0
2023/9/13 6:41,19:03,20,18,1,21.10100019,75.01837258,2023/9/13 19:03,167,1170,7.600084366
2023/9/13 14:50,21:24,21,21,0,29.49584957,39.5862055,2023/9/13 21:24,141,933.1428571,0
2023/9/14 17:21,1:50,22,20,0,29.45494141,41.2206806,2023/9/14 1:50,266,773.2857143,7.396896773
2023/9/14 6:22,10:41,24,16,0,25.95183044,76.39880833,2023/9/14 10:41,531,827.4285714,37.3936292
2023/9/14 14:07,12:57,23,15,0,16.93290848,48.56434721,2023/9/14 12:57,136,450.7142857,42.13765708
2023/9/14 17:49,14:18,24,20,1,26.59625331,43.68663147,2023/9/14 14:18,81,228.7142857,17.97272156
2023/9/14 0:32,21:30,19,22,1,17.99994787,54.31360432,2023/9/14 21:30,432,250.5714286,0
2023/9/14 8:26,23:29,20,18,0,16.05063285,48.86344663,2023/9/14 23:29,119,243.7142857,11.64073327
2023/9/15 7:13,21:59,18,17,1,28.5557961,59.91579847,2023/9/15 21:59,1350,416.4285714,4.738457392
2023/9/16 8:51,11:21,18,16,1,26.54950779,73.71413875,2023/9/16 11:21,802,493,7.920213267
2023/9/16 14:36,12:11,20,21,0,18.56710864,68.45234972,2023/9/16 12:11,50,424.2857143,0
2023/9/17 15:36,13:18,18,15,0,25.65505243,67.08015536,2023/9/17 13:18,1507,620.1428571,14.59790524
2023/9/17 8:39,19:52,20,15,0,15.70209532,60.06138788,2023/9/17 19:52,394,664.8571429,25.16940454
2023/9/18 1:16,4:50,23,19,0,27.31150681,55.1196647,2023/9/18 4:50,538,680,19.09664175
2023/9/18 15:53,21:45,21,22,0,27.93093894,70.24677861,2023/9/18 21:45,1015,808,0
2023/9/19 15:49,11:08,23,22,1,23.28288705,50.87696005,2023/9/19 11:08,803,729.8571429,6.506129893
2023/9/20 19:19,0:36,23,21,1,23.31967588,76.38765397,2023/9/20 0:36,808,730.7142857,12.56327084
2023/9/20 5:58,7:56,23,17,1,21.49616174,32.22216941,2023/9/20 7:56,440,786.4285714,27.17371529
2023/9/20 22:10,13:44,18,20,0,18.36475543,71.5515557,2023/9/20 13:44,348,620.8571429,0
2023/9/20 10:49,17:55,23,22,0,21.21394492,68.72504774,2023/9/20 17:55,251,600.4285714,4.355412731
2023/9/20 14:51,20:06,19,21,0,17.63058104,74.39171531,2023/9/20 20:06,131,542.2857143,0
2023/9/21 11:54,1:35,23,15,0,15.73035444,57.54969851,2023/9/21 1:35,329,444.2857143,41.14470866
2023/9/21 14:02,9:19,23,17,0,20.35060336,79.26892823,2023/9/21 9:19,464,395.8571429,32.92409254
2023/9/22 15:23,4:46,24,20,0,25.70650303,34.64256065,2023/9/22 4:46,1167,447.1428571,21.55569471
2023/9/23 14:25,18:05,18,16,0,26.02791033,43.29528137,2023/9/23 18:05,2239,704.1428571,9.187267756
2023/9/23 17:12,20:54,22,15,0,19.41114994,38.55860241,2023/9/23 20:54,169,678.5714286,35.00637904
2023/9/23 3:21,21:08,21,20,0,24.2169706,74.93188342,2023/9/23 21:08,14,644.7142857,4.258334931
2023/9/24 18:29,1:49,22,17,1,20.94758611,43.13999782,2023/9/24 1:49,281,666.1428571,24.18947102
2023/9/24 15:50,17:42,23,20,0,18.42969826,62.19320184,2023/9/24 17:42,953,755.2857143,13.565427
2023/9/25 11:32,9:54,22,17,1,19.52362225,60.16614961,2023/9/25 9:54,972,827.8571429,24.97582177
2023/9/25 7:52,13:28,19,21,0,17.21713015,78.02611991,2023/9/25 13:28,214,691.7142857,0
2023/9/26 11:42,4:45,19,20,1,29.61384319,32.47498721,2023/9/26 4:45,917,502.8571429,0
2023/9/26 13:47,6:42,19,21,1,26.94587212,34.18956765,2023/9/26 6:42,117,495.4285714,0
2023/9/26 4:06,15:20,24,19,1,18.71527534,40.3756367,2023/9/26 15:20,518,567.4285714,22.70428177
2023/9/27 20:35,13:11,20,22,1,26.09326193,48.99469519,2023/9/27 13:11,1311,714.5714286,0
2023/9/27 5:33,14:26,23,18,1,22.47269349,57.92050133,2023/9/27 14:26,75,589.1428571,22.28083813
2023/9/27 5:45,19:15,24,19,0,19.99608052,49.08268733,2023/9/27 19:15,289,491.5714286,27.82438866
2023/9/27 9:47,22:40,20,15,1,21.02570303,35.61249963,2023/9/27 22:40,205,490.2857143,22.02316211
2023/9/28 17:04,1:09,18,17,1,28.56066589,69.66408364,2023/9/28 1:09,149,380.5714286,3.071479808
2023/9/29 4:14,9:44,20,15,0,19.0501196,76.46458358,2023/9/29 9:44,1955,643.1428571,25.67720052
2023/9/29 20:25,10:06,18,22,1,27.04340057,35.06421235,2023/9/29 10:06,22,572.2857143,0
2023/9/29 15:24,11:04,18,20,0,18.17182194,55.61745728,2023/9/29 11:04,58,393.2857143,0
2023/9/30 2:03,6:49,20,18,0,20.00947304,72.44165128,2023/9/30 6:49,1185,551.8571429,11.31772095
2023/9/30 0:13,13:26,18,22,1,23.24250859,49.21365876,2023/9/30 13:26,397,567.2857143,0
2023/9/30 12:21,19:40,21,19,0,19.39332848,75.45463785,2023/9/30 19:40,374,591.4285714,10.04581328
2023/10/1 15:28,7:12,20,18,0,25.49433081,59.01189354,2023/10/1 7:12,692,669,8.802422099
2023/10/1 1:30,17:11,20,16,0,22.3854211,47.11131656,2023/10/1 17:11,599,475.2857143,20.29700344
2023/10/1 18:07,23:52,24,17,1,24.54091583,31.83457089,2023/10/1 23:52,401,529.4285714,37.5849123
2023/10/2 7:23,3:11,23,18,0,25.08071711,71.09519542,2023/10/2 3:11,199,549.5714286,25.12456862
2023/10/3 20:23,16:24,22,16,0,24.7980123,66.4279365,2023/10/3 16:24,2233,699.2857143,28.60324219
2023/10/3 1:28,17:40,21,20,1,19.2527827,32.22855555,2023/10/3 17:40,76,653.4285714,7.264392735
2023/10/3 11:51,20:10,21,15,0,21.36048378,57.80665897,2023/10/3 20:10,150,621.4285714,29.23151249
2023/10/3 0:36,21:21,23,18,1,24.27023143,30.10323178,2023/10/3 21:21,71,532.7142857,22.0083001
2023/10/3 9:33,23:44,22,18,0,29.5574054,49.15331798,2023/10/3 23:44,143,467.5714286,18.48611013
2023/10/4 5:08,0:53,21,19,1,19.56669547,34.93799434,2023/10/4 0:53,69,420.1428571,8.909401055
2023/10/4 10:16,5:53,21,18,0,24.23339346,43.43545144,2023/10/4 5:53,300,434.5714286,17.15266481
2023/10/4 8:30,23:37,24,15,0,18.91356749,31.22740583,2023/10/4 23:37,1064,267.5714286,44.751019
2023/10/5 10:56,8:38,21,16,0,21.35782573,61.54159042,2023/10/5 8:38,541,334,24.66752373
2023/10/5 16:33,21:06,20,20,1,20.97331593,70.80753761,2023/10/5 21:06,748,419.4285714,0
2023/10/7 4:13,0:46,20,20,0,22.02976802,77.08338977,2023/10/7 0:46,1660,646.4285714,2.284068738
2023/10/7 11:22,8:58,19,20,1,19.71859943,36.48813113,2023/10/7 8:58,492,696.2857143,0
2023/10/7 6:53,9:18,24,21,1,27.64282332,78.96622686,2023/10/7 9:18,20,689.2857143,17.95134197
2023/10/7 20:28,10:38,21,17,0,25.54826245,39.43661055,2023/10/7 10:38,80,657.8571429,19.2604476
2023/10/7 23:53,15:18,24,16,1,20.75195841,37.41894688,2023/10/7 15:18,280,545.8571429,42.79688467
2023/10/8 6:24,1:23,22,16,0,21.37028203,51.24269606,2023/10/8 1:23,605,555,31.75127742
2023/10/8 19:29,4:53,20,20,0,20.95885121,39.08111973,2023/10/8 4:53,210,478.1428571,1.054134886
2023/10/8 7:54,22:34,18,16,0,17.84771868,49.13821096,2023/10/8 22:34,1061,392.5714286,8.469336877
2023/10/9 12:40,11:22,21,17,0,17.17271639,78.58815381,2023/10/9 11:22,768,432,18.29874357
2023/10/9 20:37,15:52,22,15,1,21.01889251,45.67953059,2023/10/9 15:52,270,467.7142857,32.99628695
2023/10/9 16:24,22:17,23,21,0,18.6212793,49.83050561,2023/10/9 22:17,385,511.2857143,12.53653966
2023/10/10 6:44,0:25,23,19,1,26.38923678,38.63483431,2023/10/10 0:25,128,489.5714286,18.76445997
2023/10/10 3:38,6:14,18,21,1,24.58142636,44.93751554,2023/10/10 6:14,349,453,0
2023/10/10 11:59,7:49,22,17,0,23.81399453,41.8761569,2023/10/10 7:49,95,436.5714286,24.963747
2023/10/10 10:08,16:36,21,20,0,15.57835869,72.14605561,2023/10/10 16:36,527,360.2857143,6.669029573
2023/10/12 14:18,4:05,18,18,1,26.97070251,35.93077592,2023/10/12 4:05,2129,554.7142857,2.065409769
2023/10/12 21:35,5:29,23,21,1,21.80545267,70.76125204,2023/10/12 5:29,84,528.1428571,7.834436207
2023/10/12 6:35,11:17,18,18,1,29.4415548,54.05212241,2023/10/12 11:17,348,522.8571429,0
2023/10/12 4:26,13:12,21,17,1,26.37567981,55.12265372,2023/10/12 13:12,115,521,22.05712933
2023/10/12 13:13,16:56,24,17,1,21.8845479,38.31623069,2023/10/12 16:56,224,503.1428571,36.90819983
2023/10/12 6:20,23:58,23,20,0,19.46155426,38.18421306,2023/10/12 23:58,422,549.8571429,12.61448255
2023/10/13 21:55,11:57,19,20,0,20.57878123,74.21621132,2023/10/13 11:57,719,577.2857143,0
2023/10/13 7:15,22:22,22,22,1,24.10874061,79.53258463,2023/10/13 22:22,625,362.4285714,0
2023/10/14 23:53,8:42,18,19,0,28.22603043,75.31157099,2023/10/14 8:42,620,439,0
2023/10/14 0:17,12:31,23,15,0,20.22287914,67.34169055,2023/10/14 12:31,229,422,39.54797802
2023/10/16 21:41,15:28,18,18,1,26.67235126,59.43195001,2023/10/16 15:28,3057,842.2857143,0
2023/10/16 12:15,15:31,20,18,0,29.59379234,79.80356355,2023/10/16 15:31,3,810.7142857,10.40930556
2023/10/17 18:20,0:25,24,20,0,22.54081142,57.34340894,2023/10/17 0:25,534,826.7142857,18.47934164
2023/10/18 16:38,10:55,18,16,1,27.07895783,66.05217042,2023/10/18 10:55,2070,1019.714286,10.57859839
2023/10/18 15:07,17:07,21,21,1,21.02141924,31.31606676,2023/10/18 17:07,372,983.5714286,0
2023/10/19 2:44,3:54,18,22,0,20.3602032,37.29205829,2023/10/19 3:54,647,987.4285714,0
2023/10/19 14:39,5:40,24,18,1,28.45141737,47.97265755,2023/10/19 5:40,106,969.8571429,32.59536722
2023/10/19 15:38,8:58,19,17,1,20.88853183,67.1449146,2023/10/19 8:58,198,561.4285714,9.350781631
2023/10/19 20:23,9:43,20,21,0,25.71361949,47.49488403,2023/10/19 9:43,45,567.4285714,0
2023/10/19 3:43,11:30,18,19,0,19.12235355,48.91339086,2023/10/19 11:30,107,506.4285714,0
2023/10/19 11:22,13:44,22,17,0,17.77848488,68.25349746,2023/10/19 13:44,134,229.8571429,24.90036121
2023/10/19 23:01,23:31,19,18,0,20.13916477,79.12869443,2023/10/19 23:31,587,260.5714286,2.239956811
2023/10/20 7:44,0:41,24,20,1,23.28117415,79.16374325,2023/10/20 0:41,70,178.1428571,20.83823064
2023/10/20 22:43,4:50,20,20,0,21.77732524,71.52381726,2023/10/20 4:50,249,198.5714286,0
2023/10/20 4:09,17:30,24,20,1,24.43347659,35.05537453,2023/10/20 17:30,760,278.8571429,19.26443944
2023/10/21 15:30,8:39,24,17,0,23.84864965,62.47671121,2023/10/21 8:39,909,402.2857143,36.85618983
2023/10/21 3:14,20:26,24,16,0,15.2530751,44.91228994,2023/10/21 20:26,707,488,41.25421276
2023/10/22 6:34,23:38,24,19,0,20.69890434,75.66417982,2023/10/22 23:38,1632,702,27.72600289
2023/10/23 13:10,23:37,21,17,1,20.33053273,60.87486338,2023/10/23 23:37,1439,823.7142857,19.11161744
2023/10/24 15:15,0:08,23,17,1,17.38719355,54.17503292,2023/10/24 0:08,31,818.1428571,32.38525659
2023/10/24 13:31,8:24,20,17,1,29.29123517,51.91279735,2023/10/24 8:24,496,853.4285714,16.61980312
2023/10/24 6:41,11:28,19,21,0,25.14363723,45.86300986,2023/10/24 11:28,184,771.1428571,0
2023/10/25 15:17,18:28,21,18,0,28.47093536,71.05075976,2023/10/25 18:28,1860,907,15.72999262
2023/10/25 10:51,21:36,19,15,1,28.51743256,30.46239971,2023/10/25 21:36,188,832.8571429,18.73141975
2023/10/26 21:13,9:44,21,20,1,19.24049476,74.04990304,2023/10/26 9:44,728,703.7142857,7.246399502
2023/10/26 11:01,23:37,18,21,1,25.00150073,31.21363523,2023/10/26 23:37,833,617.1428571,0
2023/10/27 22:07,2:07,23,20,0,20.60719707,56.38573628,2023/10/27 2:07,150,634.1428571,13.27460617
2023/10/27 23:38,17:14,21,17,0,22.46087048,32.55265323,2023/10/27 17:14,907,692.8571429,18.09819975
2023/10/28 20:37,11:02,21,16,0,28.00182815,65.9093263,2023/10/28 11:02,1068,819.1428571,24.41815601
2023/10/28 10:03,11:45,24,18,0,19.18601922,33.69131408,2023/10/28 11:45,43,559.5714286,31.47139776
2023/10/28 16:41,19:00,18,15,1,18.14765623,75.57254377,2023/10/28 19:00,435,594.8571429,15.16144469
2023/10/29 0:24,7:31,21,16,0,16.50021091,55.77165433,2023/10/29 7:31,751,598.1428571,24.92605794
2023/10/29 5:33,8:16,22,17,1,29.10314534,46.07364654,2023/10/29 8:16,45,485.5714286,22.00327579
2023/10/29 17:38,11:12,20,17,0,15.96221245,37.04787383,2023/10/29 11:12,176,489.2857143,14.55241035
2023/10/29 18:14,14:42,19,19,0,20.40818341,54.48424562,2023/10/29 14:42,210,389.7142857,0
2023/10/29 16:04,15:45,19,18,1,29.56097164,71.7293191,2023/10/29 15:45,63,246.1428571,3.249519513
2023/10/29 13:03,17:06,19,21,1,19.09232854,43.56530506,2023/10/29 17:06,81,251.5714286,0
2023/10/29 14:50,17:09,18,15,0,27.90826761,68.73738071,2023/10/29 17:09,3,189.8571429,13.29238923
2023/10/29 17:30,17:42,20,16,0,28.07678602,55.72401705,2023/10/29 17:42,33,87.28571429,22.15002583
2023/10/30 5:43,4:36,23,16,0,18.50130383,60.37726799,2023/10/30 4:36,654,174.2857143,36.81736023
2023/10/30 15:47,9:00,22,16,1,22.32084421,48.19223875,2023/10/30 9:00,264,186.8571429,27.95487742
2023/10/31 8:39,0:27,20,16,0,24.20948934,48.37376611,2023/10/31 0:27,927,289.2857143,20.63427174
2023/10/31 5:17,10:14,20,15,0,15.90338207,66.37718048,2023/10/31 10:14,587,364.1428571,22.69397123
2023/10/31 12:15,18:33,18,16,0,23.71622895,37.65484484,2023/10/31 18:33,499,423.8571429,11.36732895
2023/10/31 17:35,22:12,19,18,1,20.97651388,45.91894683,2023/10/31 22:12,219,454.7142857,5.824773664
2023/11/1 6:14,15:41,22,20,1,28.63265578,57.00239818,2023/11/1 15:41,1049,599.8571429,11.87163137
2023/11/2 3:05,3:39,21,16,1,15.69010966,65.22007697,2023/11/2 3:39,718,609,24.8763073
2023/11/2 5:14,18:53,19,16,0,16.73226446,39.66181462,2023/11/2 18:53,914,701.8571429,17.48917853
2023/11/2 7:12,19:17,18,17,1,22.93409894,39.84260273,2023/11/2 19:17,24,572.8571429,2.296093681
2023/11/3 17:47,3:11,22,16,1,15.89074782,52.90104815,2023/11/3 3:11,474,556.7142857,28.75733139
2023/11/3 18:48,7:25,21,15,1,27.73415333,63.75629569,2023/11/3 7:25,254,521.7142857,31.29031558
2023/11/3 8:33,14:35,23,17,0,15.91617806,79.92632889,2023/11/3 14:35,430,551.8571429,29.50865527
2023/11/3 15:23,15:32,20,22,1,28.96228076,65.17035153,2023/11/3 15:32,57,410.1428571,0
2023/11/3 11:01,20:40,21,19,0,20.66627759,74.41325203,2023/11/3 20:40,308,351.5714286,7.643264473
2023/11/3 20:13,23:26,22,18,1,23.36053187,78.32875535,2023/11/3 23:26,166,244.7142857,21.90403467
2023/11/4 22:03,7:39,18,20,1,28.21017185,34.21056324,2023/11/4 7:39,493,311.7142857,0
2023/11/4 20:41,10:33,18,17,0,18.94983565,32.55036544,2023/11/4 10:33,174,268.8571429,7.293702032
2023/11/5 13:01,7:57,21,18,0,23.64236002,69.16983228,2023/11/5 7:57,1284,416,16.39973481
2023/11/5 12:03,10:01,18,19,0,21.22285304,65.09887976,2023/11/5 10:01,124,372.2857143,0
2023/11/5 3:59,15:02,24,21,0,20.74212089,56.57471392,2023/11/5 15:02,301,407.1428571,14.24106608
2023/11/5 4:14,19:59,21,20,0,15.58781688,35.44518694,2023/11/5 19:59,297,405.5714286,5.09383008
2023/11/5 21:12,23:41,20,17,1,25.79430237,30.45299998,2023/11/5 23:41,222,413.5714286,17.33435972
2023/11/6 19:26,2:00,23,16,1,21.63053457,72.36538442,2023/11/6 2:00,139,363,36.42367148
2023/11/6 9:10,11:51,21,17,1,19.07479151,31.52132577,2023/11/6 11:51,591,422.5714286,17.03091779
2023/11/6 21:41,11:52,24,16,1,16.60816118,38.76377598,2023/11/6 11:52,1,239.2857143,41.16494711
2023/11/6 20:29,21:36,20,21,0,25.0487482,77.75233405,2023/11/6 21:36,584,305,0
2023/11/7 13:57,9:49,21,22,0,22.86569717,71.28690943,2023/11/7 9:49,733,366.7142857,0
2023/11/7 14:07,12:33,19,21,1,16.75973346,59.80922234,2023/11/7 12:33,164,347.7142857,0
2023/11/8 19:11,4:19,23,17,0,24.06176706,78.21002097,2023/11/8 4:19,946,451.1428571,29.90110876
2023/11/8 9:40,15:16,22,21,0,20.87695408,67.43611532,2023/11/8 15:16,657,525.1428571,2.841896108
2023/11/8 15:52,16:37,22,17,0,25.41236777,52.23126801,2023/11/8 16:37,81,452.2857143,24.15397167
2023/11/8 1:41,17:39,23,21,1,15.83061481,30.71257576,2023/11/8 17:39,62,461,12.62270225
2023/11/9 15:12,4:02,21,21,1,27.99573489,74.63535821,2023/11/9 4:02,623,466.5714286,2.539831845
2023/11/9 14:32,7:18,22,21,1,23.71909309,31.75800299,2023/11/9 7:18,196,389.8571429,3.697021113
2023/11/9 3:03,16:52,22,20,1,20.43283588,52.63267646,2023/11/9 16:52,574,448.4285714,9.037786265
2023/11/10 5:35,0:07,22,17,1,29.69290394,37.32918681,2023/11/10 0:07,435,375.4285714,25.60127721
2023/11/10 19:29,15:36,18,21,0,29.38749905,55.80618504,2023/11/10 15:36,929,414.2857143,0
2023/11/10 22:22,21:24,18,15,0,27.331766,72.25770435,2023/11/10 21:24,348,452.4285714,12.886808
2023/11/10 18:22,21:44,20,22,1,23.04266242,58.8795045,2023/11/10 21:44,20,446.4285714,0
2023/11/11 4:51,3:32,21,20,1,22.64710795,47.43325989,2023/11/11 3:32,348,407.1428571,7.241340964
2023/11/11 6:20,4:40,23,19,1,15.49611887,56.8585064,2023/11/11 4:40,68,388.8571429,19.95135339
2023/11/11 3:04,17:50,19,16,1,27.42985372,36.58436409,2023/11/11 17:50,790,419.7142857,17.39376655
2023/11/12 6:32,3:39,22,20,0,15.17571126,59.52926895,2023/11/12 3:39,589,441.7142857,8.113107385
2023/11/12 4:35,3:55,22,16,0,22.8487208,32.14530952,2023/11/12 3:55,16,311.2857143,30.19601152
2023/11/12 17:31,5:54,19,19,1,18.48351213,76.89321872,2023/11/12 5:54,119,278.5714286,0
2023/11/12 5:03,9:30,23,19,0,23.86309142,44.04297473,2023/11/12 9:30,216,306.5714286,18.89925536
2023/11/12 16:04,15:47,23,15,1,19.05491858,60.73849431,2023/11/12 15:47,377,310.7142857,39.68126178
2023/11/12 15:44,16:03,22,20,1,28.79223921,55.31714597,2023/11/12 16:03,16,303.2857143,9.598464695
2023/11/12 20:05,20:35,18,19,0,22.65025278,70.51510408,2023/11/12 20:35,272,229.2857143,0
2023/11/13 19:29,21:48,24,15,1,18.34295727,68.49357573,2023/11/13 21:48,1513,361.2857143,47.48982462
2023/11/14 21:22,3:00,20,21,0,29.17540165,78.6946662,2023/11/14 3:00,312,403.5714286,0
2023/11/14 18:42,15:40,24,16,1,18.85374966,73.26057315,2023/11/14 15:40,760,495.1428571,41.36528195
2023/11/14 6:12,16:30,22,16,0,15.24644444,52.99376037,2023/11/14 16:30,50,471.4285714,28.7394807
2023/11/15 7:52,20:02,21,16,0,27.31489845,32.55377401,2023/11/15 20:02,1652,653.5714286,25.46625655
2023/11/17 4:42,2:24,23,22,1,15.23409097,40.00949441,2023/11/17 2:24,1822,911.5714286,6.6750766
2023/11/17 4:18,11:12,22,17,1,15.30161319,78.3527459,2023/11/17 11:12,528,948.1428571,26.77354221
2023/11/18 7:59,0:45,23,22,1,17.94873543,55.56108938,2023/11/18 0:45,813,848.1428571,4.067182765
2023/11/19 5:47,2:56,22,20,0,21.72553768,77.87442717,2023/11/19 2:56,1571,1028,11.62523654
2023/11/19 13:26,10:01,18,21,0,29.49221168,58.33346697,2023/11/19 10:01,425,980.1428571,0
2023/11/19 9:38,23:05,23,16,0,22.27448468,39.30650832,2023/11/19 23:05,784,1085,32.84903891
2023/11/19 0:59,23:40,18,17,1,26.87819354,53.8400682,2023/11/19 23:40,35,854,7.195672811
2023/11/20 14:09,3:19,23,15,0,21.15452344,47.51356037,2023/11/20 3:19,219,625,39.64792882
2023/11/21 2:52,20:33,20,19,1,16.75980721,61.91814475,2023/11/21 20:33,2474,903,4.918462693
2023/11/21 7:49,22:45,18,17,0,25.46446794,61.3353238,2023/11/21 22:45,132,805.7142857,4.690215073
2023/11/21 18:03,23:35,23,18,1,16.14730154,78.95054595,2023/11/21 23:35,50,588.4285714,25.40707601
2023/11/22 15:14,9:58,23,20,1,25.31232415,52.91061299,2023/11/22 9:58,623,616.7142857,15.72701548
2023/11/23 9:47,12:42,22,21,1,20.61254971,63.20985525,2023/11/23 12:42,1604,733.8571429,4.989077395
2023/11/23 12:48,18:02,24,16,0,16.06554087,31.04750346,2023/11/23 18:02,320,774.5714286,42.20073126
2023/11/24 16:58,5:16,18,22,1,17.10575937,60.73813753,2023/11/24 5:16,674,839.5714286,0
2023/11/24 15:53,20:51,19,18,1,27.14047457,30.78691198,2023/11/24 20:51,935,619.7142857,4.408567696
2023/11/24 16:42,22:57,23,16,0,17.67869952,68.09632557,2023/11/24 22:57,126,618.8571429,34.50015054
2023/11/26 21:08,2:48,24,21,1,21.8583518,31.50963866,2023/11/26 2:48,1671,850.4285714,16.86503169
2023/11/26 18:28,6:13,20,21,0,22.53584186,30.81263943,2023/11/26 6:13,205,790.7142857,0
2023/11/26 8:01,9:28,19,22,0,18.72620198,32.11820235,2023/11/26 9:28,195,589.4285714,0
2023/11/26 5:01,12:22,24,21,0,28.00934108,74.90438776,2023/11/26 12:22,174,568.5714286,12.35629913
2023/11/26 15:04,17:40,24,22,1,18.880261,45.90143155,2023/11/26 17:40,318,517.7142857,12.25616109
2023/11/26 12:38,19:09,21,22,1,29.96943377,67.43030029,2023/11/26 19:09,89,396.8571429,0
2023/11/27 9:21,3:59,19,15,1,25.3503753,62.99852743,2023/11/27 3:59,530,454.5714286,17.72072109
2023/11/27 4:16,14:46,23,20,0,17.47041235,66.01329263,2023/11/27 14:46,647,308.2857143,14.00684245
2023/11/27 6:26,16:27,21,18,0,18.49116194,31.25951446,2023/11/27 16:27,101,293.4285714,13.05223242
2023/11/28 20:53,0:44,21,22,1,19.73142526,53.76623911,2023/11/28 0:44,497,336.5714286,0
2023/11/28 7:22,3:19,20,22,1,15.93954005,45.37660196,2023/11/28 3:19,155,333.8571429,0
2023/11/28 15:48,23:07,21,22,0,25.05956804,51.50579922,2023/11/28 23:07,1188,458.1428571,0
2023/11/29 6:58,9:46,19,21,0,18.31741373,42.98001167,2023/11/29 9:46,639,536.7142857,0
2023/11/29 15:33,14:31,20,16,0,19.84244306,73.75998049,2023/11/29 14:31,285,501.7142857,17.57870516
2023/11/30 1:31,16:42,20,21,0,25.91320487,71.8663188,2023/11/30 16:42,1571,633.7142857,0
2023/11/30 0:13,20:00,24,21,1,24.56193416,73.0911496,2023/11/30 20:00,198,647.5714286,15.39903664
2023/12/1 11:09,8:38,21,19,0,29.39150011,64.3190115,2023/12/1 8:38,758,684.8571429,9.207504927
2023/12/2 16:14,9:53,21,16,0,26.98737846,61.02499501,2023/12/2 9:53,1515,879.1428571,24.05405426
2023/12/2 9:44,13:34,21,17,0,19.47281039,30.74881301,2023/12/2 13:34,221,741,21.54418486
2023/12/3 18:24,7:06,24,21,1,20.20850277,44.60886826,2023/12/3 7:06,1052,800,13.88743977
2023/12/3 3:46,7:57,18,16,1,16.76297784,38.46563453,2023/12/3 7:57,51,766.5714286,10.9439135
2023/12/4 8:43,17:31,19,18,1,21.84225498,77.19254287,2023/12/4 17:31,2014,829.8571429,5.103956501
2023/12/5 8:47,8:27,24,20,0,21.36133483,62.85218385,2023/12/5 8:27,896,929.5714286,19.90979387
2023/12/5 6:42,20:34,19,22,0,18.44351167,31.38265783,2023/12/5 20:34,727,925.1428571,0
2023/12/6 11:03,7:28,22,15,1,20.041534,63.29799593,2023/12/6 7:28,654,802.1428571,35.32787035
2023/12/6 2:16,8:26,21,21,0,25.07935711,69.99327178,2023/12/6 8:26,58,778.8571429,1.961169618
2023/12/6 8:00,11:14,24,22,0,20.651119,72.09078697,2023/12/6 11:14,168,652.5714286,11.3534412
2023/12/6 4:51,17:53,21,18,1,17.95889211,57.68830369,2023/12/6 17:53,399,702.2857143,12.23134348
2023/12/6 22:06,23:50,24,22,0,29.38474083,61.00629403,2023/12/6 23:50,357,465.5714286,11.63866032
2023/12/7 3:33,1:45,23,18,0,17.80696338,65.39911773,2023/12/7 1:45,115,354,23.3012215
2023/12/7 19:41,14:39,19,21,0,29.15622118,36.36470127,2023/12/7 14:39,774,360.7142857,0
2023/12/8 12:49,9:40,21,18,0,21.38102588,37.60235125,2023/12/8 9:40,1141,430.2857143,12.25754514
2023/12/9 15:07,13:21,19,18,0,24.34341048,78.21048783,2023/12/9 13:21,1661,659.2857143,3.998432207
2023/12/9 5:24,23:04,20,16,0,17.08609052,68.58014033,2023/12/9 23:04,583,718.5714286,17.59839768
2023/12/10 8:44,4:24,23,22,0,18.24685891,53.46921776,2023/12/10 4:24,320,707.2857143,4.853534703
2023/12/10 15:48,8:32,24,16,0,20.59018605,75.41241896,2023/12/10 8:32,248,691.7142857,41.92013462
2023/12/10 2:04,8:43,21,15,0,19.3057728,76.7580256,2023/12/10 8:43,11,676.8571429,28.78912416
2023/12/11 13:05,0:47,22,21,1,27.87506458,57.78313126,2023/12/11 0:47,964,704,2.905609384
2023/12/11 21:31,3:03,23,22,1,24.94617305,70.37819021,2023/12/11 3:03,136,560.4285714,3.981602214
2023/12/11 11:09,7:30,24,21,1,16.68640976,71.21332349,2023/12/11 7:30,267,361.2857143,16.88328085
2023/12/11 8:41,9:28,19,22,0,15.81506983,49.42020586,2023/12/11 9:28,118,294.8571429,0
2023/12/11 23:11,21:49,21,19,1,27.72225571,39.26564598,2023/12/11 21:49,741,355,8.364174694
2023/12/12 17:29,4:57,20,20,0,22.58799576,41.38704967,2023/12/12 4:57,428,380.7142857,0
2023/12/12 0:10,8:22,18,18,1,20.68585344,75.10656074,2023/12/12 8:22,205,408.4285714,1.234260264
2023/12/12 14:40,19:21,19,20,0,16.73751002,42.014616,2023/12/12 19:21,659,364.8571429,0
2023/12/14 18:33,6:38,18,20,1,24.59208775,46.56344401,2023/12/14 6:38,2117,647.8571429,0
2023/12/14 7:59,11:20,20,17,1,16.80180273,76.14571453,2023/12/14 11:20,282,650,16.31175834
2023/12/14 20:46,14:46,21,18,0,23.86540351,76.45330786,2023/12/14 14:46,206,662.5714286,14.01586525
2023/12/15 2:13,11:09,24,21,1,29.88016865,54.17294991,2023/12/15 11:09,1223,731.4285714,16.36662764
2023/12/15 3:54,17:57,18,21,0,22.05973424,65.68588795,2023/12/15 17:57,408,728.5714286,0
2023/12/15 10:01,20:25,21,19,1,18.18651542,60.38709237,2023/12/15 20:25,148,720.4285714,8.305977061
2023/12/16 9:10,3:37,24,22,0,25.34652398,56.32920144,2023/12/16 3:37,432,688,12.84291218
2023/12/16 7:34,13:39,18,17,0,29.65141632,43.91626492,2023/12/16 13:39,602,471.5714286,2.974147687
2023/12/17 0:37,6:02,19,18,1,20.92849865,60.4546949,2023/12/17 6:02,983,571.7142857,3.74504544
2023/12/17 16:42,6:23,21,15,0,25.94985844,69.93446244,2023/12/17 6:23,21,545.2857143,28.07877175
2023/12/17 4:38,17:52,19,15,0,23.4975916,45.7366386,2023/12/17 17:52,689,469,19.07303394
2023/12/18 10:17,21:32,23,22,1,22.71769115,62.54570019,2023/12/18 21:32,1660,647.8571429,4.880365327
2023/12/19 3:43,1:17,24,18,1,15.07729446,44.23898525,2023/12/19 1:17,225,658.8571429,30.13305521
2023/12/19 11:46,14:55,19,17,1,17.65508672,50.06941233,2023/12/19 14:55,818,714,12.12163625
2023/12/19 8:19,17:55,18,21,0,17.69405516,73.01553392,2023/12/19 17:55,180,653.7142857,0
2023/12/19 15:59,23:53,21,16,0,24.1930013,74.53821732,2023/12/19 23:53,358,564.4285714,23.32062316
2023/12/20 3:18,1:11,24,22,0,19.67693823,45.42639798,2023/12/20 1:11,78,572.5714286,10.73736419
2023/12/21 0:50,8:59,23,20,0,15.04054821,54.92173929,2023/12/21 8:59,1908,746.7142857,12.66897634
2023/12/21 16:20,12:50,24,21,1,27.80409063,44.88614738,2023/12/21 12:50,231,542.5714286,14.75381916
2023/12/21 5:14,18:48,20,21,0,19.34870174,46.34711249,2023/12/21 18:48,358,561.5714286,0
2023/12/22 23:41,1:08,22,15,0,28.34690485,74.50557707,2023/12/22 1:08,380,499,33.89900447
2023/12/22 4:20,5:28,21,20,1,19.16394147,33.91230498,2023/12/22 5:28,260,510.4285714,4.89550545
2023/12/22 20:26,11:25,23,22,1,22.51594759,35.48415311,2023/12/22 11:25,357,510.2857143,6.378965813
2023/12/22 11:52,11:55,20,15,0,19.32597746,77.2101359,2023/12/22 11:55,30,503.4285714,22.41509595
2023/12/22 0:01,14:23,18,17,1,16.98731452,61.05701627,2023/12/22 14:23,148,252,7.275040026
2023/12/22 16:24,18:47,24,18,1,26.46842962,79.45442186,2023/12/22 18:47,264,256.7142857,31.40888265
2023/12/23 18:55,3:03,23,18,1,18.11205113,30.23274184,2023/12/23 3:03,496,276.4285714,23.05899633
2023/12/23 6:08,3:27,19,16,0,24.59881532,72.41726349,2023/12/23 3:27,24,225.5714286,17.63496545
2023/12/23 13:54,7:06,21,16,1,16.67244086,69.04425923,2023/12/23 7:06,219,219.7142857,25.03787334
2023/12/24 14:23,15:15,19,18,1,25.44694717,74.94126097,2023/12/24 15:15,1929,444.2857143,7.998851469
2023/12/24 8:55,17:09,23,22,1,25.58565066,66.48056915,2023/12/24 17:09,114,456.2857143,3.183556846
2023/12/24 13:23,22:10,20,16,1,20.51891371,71.36566139,2023/12/24 22:10,301,478.1428571,20.20944919
2023/12/25 2:31,15:20,21,18,0,26.56309135,37.04548821,2023/12/25 15:20,1030,587.5714286,13.74148826
2023/12/26 17:25,10:55,20,16,0,22.20091332,68.03963143,2023/12/26 10:55,1175,684.5714286,18.82504134
2023/12/26 23:15,20:04,20,16,0,28.02189086,61.69934607,2023/12/26 20:04,549,759.5714286,20.54639229
2023/12/26 8:32,21:32,22,18,1,19.50605525,60.80914953,2023/12/26 21:32,88,740.8571429,22.5303144
2023/12/27 5:24,1:28,18,16,0,15.24492754,74.36415756,2023/12/27 1:28,236,499,11.83158313
2023/12/27 0:28,7:37,19,17,0,20.18258485,73.84103102,2023/12/27 7:37,369,535.4285714,11.34364839
2023/12/27 9:51,14:45,20,17,1,28.04232796,79.51842611,2023/12/27 14:45,428,553.5714286,15.35504269
2023/12/27 13:35,20:28,19,16,1,15.54050726,66.11957593,2023/12/27 20:28,343,455.4285714,17.53379102
2023/12/27 22:01,21:15,18,15,0,18.6233556,39.87595534,2023/12/27 21:15,47,294.2857143,14.95416844
2023/12/27 4:50,21:17,18,22,1,23.86476248,43.71478519,2023/12/27 21:17,2,216.1428571,0
2023/12/27 13:48,22:30,22,15,0,25.24922003,78.04062644,2023/12/27 22:30,73,214,37.00388986
2023/12/28 6:35,0:13,22,20,0,19.99717728,51.76767332,2023/12/28 0:13,103,195,8.283012081
2023/12/29 22:26,2:53,23,22,0,20.52876909,46.01631433,2023/12/29 2:53,1600,370.8571429,6.627352778
2023/12/29 0:32,5:34,22,17,0,25.40934616,36.37494409,2023/12/29 5:34,161,332.7142857,22.07302694
2023/12/29 23:59,7:21,20,19,1,28.00750739,79.1463239,2023/12/29 7:21,107,299,3.936977225
2023/12/29 6:13,15:18,19,16,0,22.37838348,55.94628393,2023/12/29 15:18,477,360.4285714,13.37740467
2023/12/29 23:39,21:27,19,17,1,29.82560757,54.18764324,2023/12/29 21:27,369,412.8571429,10.04117775
2023/12/30 3:06,8:26,19,18,1,20.22713984,39.89914,2023/12/30 8:26,659,496.5714286,6.42111897
2023/12/30 5:45,15:24,23,21,0,25.08873467,48.65272647,2023/12/30 15:24,418,541.5714286,7.586058205
2023/12/30 17:03,23:04,20,20,0,28.43078826,70.10342619,2023/12/30 23:04,460,378.7142857,0.089533212
2023/12/31 13:30,0:22,19,15,1,21.36994504,69.45189457,2023/12/31 0:22,78,366.8571429,22.63047213
2023/12/31 6:07,5:49,23,19,1,22.28441394,61.93045888,2023/12/31 5:49,327,398.2857143,18.37187931
2023/12/31 15:06,18:34,22,21,1,23.83109415,39.69953988,2023/12/31 18:34,765,439.4285714,6.062846865
2023/1/2 0:00,7:30,22,18,1,27,40,2023/1/2 7:30,300,30,15.5
2023/1/2 0:00,7:30,22,18,1,27,40,2023/1/2 7:30,300,30,15.5
2023/1/2 0:00,7:30,22,18,1,27,40,2023/1/2 7:30,300,30,15.5
